city,time,temperature_2m_max,temperature_2m_min,temperature_2m_mean,precipitation_sum,rain_sum,snowfall_sum,wind_speed_10m_max,wind_gusts_10m_max,relative_humidity_2m_mean,pressure_msl_mean,cloud_cover_mean,shortwave_radiation_sum,apparent_temperature_max,weather_code,latitude,longitude
absheron,2026-04-21,11.1,9.6,10.5,3.2,2.8,0.0,27.1,46.8,84,1014.1,97,7.07,8.6,61,40.49,49.75
absheron,2026-04-22,18.8,9.0,13.1,0.0,0.0,0.0,22.5,40.0,76,1011.5,52,21.58,17.5,3,40.49,49.75
absheron,2026-04-23,13.2,9.5,11.7,0.0,0.0,0.0,24.1,42.1,81,1009.7,62,13.94,11.0,45,40.49,49.75
absheron,2026-04-24,15.0,8.6,11.4,0.0,0.0,0.0,24.8,43.9,82,1009.4,76,18.08,14.3,3,40.49,49.75
absheron,2026-04-25,12.6,9.7,11.1,0.0,0.0,0.0,40.3,73.4,76,1018.5,61,20.33,9.0,3,40.49,49.75
absheron,2026-04-26,17.5,9.4,13.6,0.0,0.0,0.0,34.1,56.9,78,1013.2,94,17.98,13.1,3,40.49,49.75
absheron,2026-04-27,26.8,10.5,17.2,0.4,0.0,0.0,51.4,87.1,72,1003.0,52,24.33,24.4,45,40.49,49.75
agdam,2026-04-21,11.3,8.6,9.7,10.3,9.2,0.0,14.3,27.4,88,1013.7,95,6.63,10.3,61,39.99,46.93
agdam,2026-04-22,18.7,7.0,13.3,0.1,0.1,0.0,10.7,21.6,76,1012.1,25,25.14,19.2,61,39.99,46.93
agdam,2026-04-23,20.6,11.0,15.7,0.0,0.0,0.0,13.0,25.6,78,1007.8,38,22.76,21.6,3,39.99,46.93
agdam,2026-04-24,18.9,10.7,13.5,0.0,0.0,0.0,15.0,32.8,80,1009.4,74,16.39,17.7,45,39.99,46.93
agdam,2026-04-25,19.5,8.7,13.7,0.0,0.0,0.0,13.4,27.0,69,1017.0,39,23.22,18.6,3,39.99,46.93
agdam,2026-04-26,16.2,9.5,12.5,0.0,0.0,0.0,7.5,15.9,87,1014.7,97,17.73,16.0,3,39.99,46.93
agdam,2026-04-27,20.7,10.1,15.1,16.7,0.3,0.0,9.8,23.8,81,1004.5,88,19.18,22.0,95,39.99,46.93
agdash,2026-04-21,12.9,10.4,11.7,26.5,24.2,0.0,9.7,19.8,91,1013.6,97,4.91,12.3,63,40.65,47.47
agdash,2026-04-22,20.7,8.7,14.2,0.0,0.0,0.0,17.1,31.7,76,1011.8,31,24.1,18.9,45,40.65,47.47
agdash,2026-04-23,22.9,10.1,16.1,0.0,0.0,0.0,19.3,37.4,74,1007.8,30,23.78,23.7,3,40.65,47.47
agdash,2026-04-24,21.4,12.2,15.3,0.0,0.0,0.0,29.0,53.6,71,1009.0,73,17.02,18.5,3,40.65,47.47
agdash,2026-04-25,19.1,11.3,14.7,0.0,0.0,0.0,26.2,47.5,62,1016.9,55,19.81,18.3,3,40.65,47.47
agdash,2026-04-26,19.8,9.0,14.3,0.0,0.0,0.0,9.8,25.2,74,1014.5,86,18.77,19.8,3,40.65,47.47
agdash,2026-04-27,25.3,11.4,17.1,3.2,0.5,0.0,36.5,71.3,70,1003.7,54,22.87,26.6,80,40.65,47.47
agdere,2026-04-21,10.4,7.5,8.8,10.4,9.7,0.0,16.6,34.2,88,1013.6,99,7.34,9.0,61,40.21,46.81
agdere,2026-04-22,17.6,6.5,12.3,0.0,0.0,0.0,9.4,19.4,76,1012.2,28,24.14,17.6,3,40.21,46.81
agdere,2026-04-23,19.4,10.9,15.1,0.2,0.0,0.0,12.9,27.4,71,1007.9,40,23.88,20.0,45,40.21,46.81
agdere,2026-04-24,17.7,10.2,13.1,0.0,0.0,0.0,17.7,37.8,78,1009.3,84,19.85,17.3,45,40.21,46.81
agdere,2026-04-25,17.9,9.3,13.1,0.0,0.0,0.0,11.6,24.8,70,1017.0,69,21.72,17.1,45,40.21,46.81
agdere,2026-04-26,15.9,8.7,11.9,0.0,0.0,0.0,5.2,20.5,90,1014.8,98,15.66,16.2,45,40.21,46.81
agdere,2026-04-27,16.9,9.4,13.0,20.3,5.0,0.0,7.4,44.3,77,1004.9,73,18.29,17.4,95,40.21,46.81
agjabadi,2026-04-21,13.5,10.1,11.8,11.3,9.0,0.0,12.8,23.0,88,1013.5,93,6.39,13.0,80,40.05,47.46
agjabadi,2026-04-22,21.3,8.6,14.9,0.0,0.0,0.0,8.8,16.6,75,1011.8,14,25.13,22.3,2,40.05,47.46
agjabadi,2026-04-23,24.0,9.9,16.4,0.0,0.0,0.0,23.6,44.3,79,1007.6,33,23.99,25.2,45,40.05,47.46
agjabadi,2026-04-24,20.8,12.3,15.5,0.0,0.0,0.0,21.7,38.9,68,1009.2,68,18.35,19.1,3,40.05,47.46
agjabadi,2026-04-25,21.9,11.9,16.1,0.0,0.0,0.0,25.3,55.8,52,1016.9,25,23.62,21.5,3,40.05,47.46
agjabadi,2026-04-26,18.7,10.4,14.2,0.0,0.0,0.0,7.2,16.2,77,1014.7,91,17.34,19.0,3,40.05,47.46
agjabadi,2026-04-27,24.9,10.5,17.0,3.3,0.0,0.0,11.3,41.0,75,1003.7,68,22.9,27.1,80,40.05,47.46
agstafa,2026-04-21,12.8,9.3,10.6,5.4,5.4,0.0,10.1,22.0,83,1013.0,99,10.77,11.3,61,41.12,45.45
agstafa,2026-04-22,19.7,6.5,12.8,0.0,0.0,0.0,12.5,24.1,75,1012.2,35,25.17,19.0,3,41.12,45.45
agstafa,2026-04-23,22.3,8.7,14.8,0.6,0.0,0.0,15.0,29.5,68,1007.5,28,24.13,21.2,80,41.12,45.45
agstafa,2026-04-24,12.4,9.5,11.1,4.2,3.0,0.0,22.2,41.4,71,1011.8,92,11.47,10.5,80,41.12,45.45
agstafa,2026-04-25,19.5,8.7,13.5,3.8,3.6,0.0,12.3,25.2,65,1017.6,60,25.31,18.5,61,41.12,45.45
agstafa,2026-04-26,17.7,9.6,13.2,0.6,0.6,0.0,12.8,32.0,80,1014.7,76,16.64,17.7,61,41.12,45.45
agstafa,2026-04-27,18.0,8.6,12.8,2.5,1.9,0.0,28.0,50.4,75,1006.5,83,14.45,16.8,80,41.12,45.45
agsu,2026-04-21,12.2,9.8,10.9,23.0,21.7,0.0,11.9,24.5,94,1013.5,99,5.84,11.4,63,40.57,48.4
agsu,2026-04-22,19.1,8.4,13.1,0.0,0.0,0.0,20.7,37.4,79,1011.6,47,22.1,16.9,61,40.57,48.4
agsu,2026-04-23,21.4,10.4,15.1,0.0,0.0,0.0,15.8,29.2,73,1008.3,23,24.89,22.6,3,40.57,48.4
agsu,2026-04-24,18.5,10.3,13.4,0.0,0.0,0.0,13.5,25.6,87,1008.9,63,11.56,17.8,3,40.57,48.4
agsu,2026-04-25,18.2,10.0,12.8,0.0,0.0,0.0,15.6,29.5,79,1017.3,76,14.63,15.8,3,40.57,48.4
agsu,2026-04-26,16.5,8.8,12.5,0.0,0.0,0.0,12.0,20.9,79,1014.6,82,16.21,16.2,61,40.57,48.4
agsu,2026-04-27,24.2,10.5,16.5,2.3,0.0,0.0,12.6,16.2,81,1003.4,60,23.93,25.6,80,40.57,48.4
aktau,2026-04-21,12.0,9.1,10.4,3.8,3.7,0.0,16.8,31.0,80,1013.3,97,7.02,9.7,61,43.65,51.16
aktau,2026-04-22,14.0,8.6,10.9,0.4,0.4,0.0,11.3,21.6,78,1011.8,46,23.62,13.6,61,43.65,51.16
aktau,2026-04-23,15.1,7.1,10.9,0.0,0.0,0.0,18.5,31.0,85,1009.7,69,11.15,12.8,3,43.65,51.16
aktau,2026-04-24,16.6,10.3,12.2,0.0,0.0,0.0,16.6,29.2,79,1008.5,96,16.27,17.1,3,43.65,51.16
aktau,2026-04-25,12.4,9.0,11.2,1.8,0.9,0.0,18.7,35.6,74,1017.1,62,15.71,10.8,61,43.65,51.16
aktau,2026-04-26,18.7,6.7,12.9,0.0,0.0,0.0,25.5,43.9,68,1016.4,51,18.9,15.0,3,43.65,51.16
aktau,2026-04-27,17.2,11.0,14.5,0.0,0.0,0.0,23.4,42.5,70,1004.2,57,23.08,17.7,3,43.65,51.16
astara,2026-04-21,13.9,12.0,12.8,8.8,8.2,0.0,12.2,19.4,86,1013.6,100,4.98,12.9,63,38.46,48.87
astara,2026-04-22,17.2,11.4,14.5,0.0,0.0,0.0,17.3,29.2,83,1012.7,36,24.68,16.9,3,38.46,48.87
astara,2026-04-23,17.3,12.4,14.9,0.0,0.0,0.0,8.8,15.1,89,1008.4,46,23.98,19.5,45,38.46,48.87
astara,2026-04-24,15.0,12.9,13.9,0.0,0.0,0.0,16.5,25.6,90,1009.2,79,12.33,14.5,45,38.46,48.87
astara,2026-04-25,15.7,12.4,14.0,0.0,0.0,0.0,13.8,23.8,78,1018.4,71,21.69,14.9,3,38.46,48.87
astara,2026-04-26,16.0,11.9,14.0,0.0,0.0,0.0,10.0,20.6,85,1014.5,97,13.89,15.2,45,38.46,48.87
astara,2026-04-27,20.1,10.8,15.7,0.1,0.0,0.0,8.2,41.4,91,1004.0,93,16.92,21.6,80,38.46,48.87
atyrau,2026-04-21,14.8,7.0,11.1,0.0,0.0,0.0,26.8,41.0,53,1012.1,91,20.11,10.9,3,47.11,51.92
atyrau,2026-04-22,17.5,8.2,12.3,0.0,0.0,0.0,21.1,33.1,48,1011.0,46,23.84,15.8,3,47.11,51.92
atyrau,2026-04-23,11.1,8.7,10.3,0.6,0.6,0.0,18.9,31.3,70,1009.5,99,7.58,8.5,61,47.11,51.92
atyrau,2026-04-24,14.2,7.9,10.2,7.4,6.6,0.0,25.3,39.2,72,1008.8,76,14.8,10.0,61,47.11,51.92
atyrau,2026-04-25,13.8,8.7,11.2,0.0,0.0,0.0,35.0,58.7,46,1013.4,66,17.51,7.7,3,47.11,51.92
atyrau,2026-04-26,17.6,7.8,13.0,0.0,0.0,0.0,26.3,41.0,58,1017.8,40,21.0,13.3,3,47.11,51.92
atyrau,2026-04-27,23.3,12.4,17.3,0.9,0.9,0.0,40.8,71.6,46,1007.6,83,18.77,18.8,61,47.11,51.92
babek,2026-04-21,16.1,10.3,12.6,12.7,0.1,0.0,12.2,27.4,80,1008.6,97,17.07,15.9,95,39.15,45.45
babek,2026-04-22,19.7,9.9,14.1,2.2,0.0,0.0,4.2,13.0,65,1011.9,46,25.11,19.2,80,39.15,45.45
babek,2026-04-23,21.8,8.0,15.2,0.0,0.0,0.0,13.4,23.4,56,1009.2,30,22.87,20.5,3,39.15,45.45
babek,2026-04-24,24.2,9.3,16.8,0.0,0.0,0.0,19.6,37.8,54,1008.6,79,21.33,21.6,3,39.15,45.45
babek,2026-04-25,24.8,9.7,17.3,0.0,0.0,0.0,15.9,30.6,55,1013.3,49,24.93,24.5,3,39.15,45.45
babek,2026-04-26,23.5,13.7,18.3,1.2,0.0,0.0,14.7,25.6,54,1011.4,98,18.99,23.7,3,39.15,45.45
babek,2026-04-27,23.1,13.2,18.5,7.0,0.0,0.0,23.5,51.8,64,1004.2,96,17.62,22.4,95,39.15,45.45
baku,2026-04-21,11.7,9.6,10.7,5.1,4.3,0.0,25.6,46.1,82,1013.8,95,7.02,8.8,80,40.41,49.87
baku,2026-04-22,16.1,9.5,12.7,0.0,0.0,0.0,23.7,41.4,81,1011.7,54,20.62,14.7,3,40.41,49.87
baku,2026-04-23,13.9,9.5,12.4,0.0,0.0,0.0,24.5,43.2,82,1009.7,58,14.47,12.2,3,40.41,49.87
baku,2026-04-24,15.9,8.3,11.9,0.0,0.0,0.0,24.8,44.3,81,1009.3,60,19.4,15.4,3,40.41,49.87
baku,2026-04-25,13.3,10.0,11.6,0.0,0.0,0.0,38.3,70.9,75,1018.4,62,20.93,9.8,3,40.41,49.87
baku,2026-04-26,15.8,10.0,13.0,0.0,0.0,0.0,26.0,47.9,83,1014.0,94,17.38,12.7,3,40.41,49.87
baku,2026-04-27,21.4,12.8,15.7,0.0,0.0,0.0,49.4,95.4,78,1003.7,40,24.66,21.3,3,40.41,49.87
balakan,2026-04-21,11.1,7.7,9.8,18.5,18.4,0.0,12.2,28.8,87,1013.3,96,6.42,10.7,63,41.73,46.41
balakan,2026-04-22,18.6,5.7,11.9,0.0,0.0,0.0,7.1,14.8,72,1012.1,23,24.56,17.8,3,41.73,46.41
balakan,2026-04-23,22.3,8.9,14.8,0.7,0.2,0.0,9.4,22.7,63,1007.7,48,23.07,22.4,80,41.73,46.41
balakan,2026-04-24,13.7,10.1,12.0,22.0,1.5,0.0,10.7,26.3,90,1010.3,97,7.95,12.7,95,41.73,46.41
balakan,2026-04-25,19.2,8.8,13.5,0.0,0.0,0.0,10.0,21.2,69,1017.0,48,25.58,18.8,61,41.73,46.41
balakan,2026-04-26,22.6,8.5,14.9,0.0,0.0,0.0,6.3,17.6,72,1014.5,78,21.68,23.8,3,41.73,46.41
balakan,2026-04-27,26.0,12.8,18.5,1.1,0.3,0.0,19.1,41.8,73,1004.1,67,21.04,29.0,80,41.73,46.41
balkanabat,2026-04-21,18.8,14.6,16.6,0.7,0.7,0.0,20.5,32.4,70,1010.4,86,8.75,17.9,61,39.51,54.37
balkanabat,2026-04-22,19.4,13.3,15.9,0.0,0.0,0.0,18.3,28.8,67,1012.6,61,20.41,17.0,3,39.51,54.37
balkanabat,2026-04-23,26.3,12.4,19.3,0.0,0.0,0.0,18.6,28.8,46,1010.6,7,26.15,23.2,2,39.51,54.37
balkanabat,2026-04-24,30.2,18.5,24.1,0.0,0.0,0.0,17.5,27.4,31,1007.7,0,25.8,29.3,1,39.51,54.37
balkanabat,2026-04-25,23.8,17.4,20.5,0.0,0.0,0.0,33.1,56.5,51,1014.5,12,25.04,20.0,2,39.51,54.37
balkanabat,2026-04-26,29.4,15.4,22.1,0.0,0.0,0.0,16.9,27.0,49,1014.4,60,23.35,27.4,3,39.51,54.37
balkanabat,2026-04-27,31.9,19.2,24.8,0.0,0.0,0.0,17.6,21.6,49,1004.0,57,24.69,32.9,3,39.51,54.37
bandar-e anzali,2026-04-21,14.9,13.2,13.9,0.2,0.2,0.0,11.8,24.8,84,1013.4,100,6.79,14.0,61,37.47,49.46
bandar-e anzali,2026-04-22,20.2,12.4,15.8,0.0,0.0,0.0,16.5,36.0,79,1013.1,50,21.75,20.5,45,37.47,49.46
bandar-e anzali,2026-04-23,22.7,10.5,16.4,0.0,0.0,0.0,15.4,32.4,83,1007.9,22,25.43,25.1,45,37.47,49.46
bandar-e anzali,2026-04-24,21.1,11.4,15.7,0.0,0.0,0.0,20.1,41.8,84,1008.9,54,24.4,20.3,45,37.47,49.46
bandar-e anzali,2026-04-25,18.0,12.0,14.8,0.0,0.0,0.0,16.9,36.4,78,1018.8,94,19.14,15.9,45,37.47,49.46
bandar-e anzali,2026-04-26,17.6,10.7,14.5,0.0,0.0,0.0,12.2,21.5,84,1014.1,83,17.5,16.9,3,37.47,49.46
bandar-e anzali,2026-04-27,18.0,14.0,15.9,0.2,0.0,0.0,25.7,39.2,93,1003.2,90,13.9,19.4,80,37.47,49.46
barda,2026-04-21,13.5,9.8,11.5,13.4,12.4,0.0,18.8,33.8,88,1013.5,95,7.69,12.1,63,40.37,47.13
barda,2026-04-22,20.8,8.0,14.4,0.0,0.0,0.0,10.7,21.2,74,1012.0,12,25.24,21.2,45,40.37,47.13
barda,2026-04-23,22.6,10.1,16.3,0.0,0.0,0.0,18.7,35.3,79,1007.7,48,23.73,23.6,45,40.37,47.13
barda,2026-04-24,20.3,12.2,15.2,0.0,0.0,0.0,31.8,61.6,64,1009.3,75,19.59,17.7,3,40.37,47.13
barda,2026-04-25,20.6,11.6,15.9,0.0,0.0,0.0,34.2,65.2,53,1016.8,51,21.49,20.4,3,40.37,47.13
barda,2026-04-26,18.7,9.3,13.9,0.0,0.0,0.0,9.3,18.7,80,1014.7,88,18.32,19.1,45,40.37,47.13
barda,2026-04-27,23.6,11.4,16.5,2.3,0.0,0.0,31.4,60.8,72,1003.9,70,21.7,25.5,80,40.37,47.13
batumi,2026-04-21,14.1,8.1,11.2,0.0,0.0,0.0,10.4,17.6,80,1014.1,43,24.4,14.1,3,41.65,41.64
batumi,2026-04-22,16.5,9.4,12.3,0.0,0.0,0.0,20.8,36.4,73,1012.6,73,17.23,15.0,3,41.65,41.64
batumi,2026-04-23,11.1,8.7,10.3,18.2,17.2,0.0,18.7,30.6,91,1013.0,99,3.01,10.2,63,41.65,41.64
batumi,2026-04-24,12.2,8.0,10.0,10.7,10.3,0.0,9.0,16.2,81,1016.0,100,7.32,11.2,61,41.65,41.64
batumi,2026-04-25,19.4,7.9,13.6,0.0,0.0,0.0,17.5,28.4,71,1016.4,59,25.16,18.1,3,41.65,41.64
batumi,2026-04-26,18.9,11.8,15.2,0.0,0.0,0.0,8.1,18.4,78,1008.2,98,16.54,20.0,3,41.65,41.64
batumi,2026-04-27,15.8,11.0,13.2,25.9,19.7,0.0,30.7,67.7,82,1014.7,94,3.32,16.7,80,41.65,41.64
beylagan,2026-04-21,13.0,10.0,11.3,8.7,6.5,0.0,18.5,33.5,86,1013.5,96,4.77,11.2,80,39.78,47.62
beylagan,2026-04-22,21.1,8.6,15.0,0.0,0.0,0.0,10.2,20.9,73,1011.9,18,25.39,21.8,2,39.78,47.62
beylagan,2026-04-23,24.5,10.0,16.6,0.0,0.0,0.0,21.5,41.0,78,1007.5,28,24.8,25.2,3,39.78,47.62
beylagan,2026-04-24,20.3,11.8,14.8,0.0,0.0,0.0,15.5,31.0,75,1009.3,76,16.39,18.8,3,39.78,47.62
beylagan,2026-04-25,21.9,10.7,15.1,0.0,0.0,0.0,22.1,48.2,57,1017.1,28,25.41,21.1,3,39.78,47.62
beylagan,2026-04-26,17.9,10.3,13.6,0.0,0.0,0.0,7.4,17.3,78,1014.5,85,15.84,17.6,3,39.78,47.62
beylagan,2026-04-27,24.6,10.4,16.8,4.6,0.0,0.0,11.2,43.9,74,1003.7,59,23.29,26.2,80,39.78,47.62
bilesuvar,2026-04-21,13.0,10.8,11.9,4.5,2.5,0.0,16.8,35.6,81,1013.6,100,5.01,11.9,80,39.46,48.55
bilesuvar,2026-04-22,22.2,8.2,14.6,0.0,0.0,0.0,17.5,33.8,70,1012.0,25,25.16,23.1,2,39.46,48.55
bilesuvar,2026-04-23,24.7,9.3,15.7,0.0,0.0,0.0,20.6,40.3,78,1008.1,39,24.79,26.1,3,39.46,48.55
bilesuvar,2026-04-24,18.6,11.4,14.5,0.0,0.0,0.0,13.8,28.8,79,1009.3,73,14.71,18.2,3,39.46,48.55
bilesuvar,2026-04-25,21.2,10.8,14.6,0.0,0.0,0.0,24.3,51.1,56,1017.8,33,24.38,21.5,3,39.46,48.55
bilesuvar,2026-04-26,19.0,10.5,14.2,0.0,0.0,0.0,9.4,20.2,79,1014.4,97,14.0,18.8,3,39.46,48.55
bilesuvar,2026-04-27,26.7,10.5,18.2,0.7,0.0,0.0,25.6,35.3,71,1003.6,49,24.13,27.1,80,39.46,48.55
dashkasan,2026-04-21,5.0,1.1,3.1,15.3,8.9,3.71,6.1,20.5,97,1013.3,100,7.1,2.8,73,40.52,46.08
dashkasan,2026-04-22,12.8,1.2,7.0,0.0,0.0,0.0,13.0,29.5,72,1012.2,20,25.35,11.0,3,40.52,46.08
dashkasan,2026-04-23,15.3,3.9,9.6,0.1,0.0,0.0,24.5,58.0,53,1007.8,24,22.98,11.5,3,40.52,46.08
dashkasan,2026-04-24,13.1,3.7,8.2,0.1,0.0,0.0,15.5,45.0,66,1009.3,62,23.1,11.4,3,40.52,46.08
dashkasan,2026-04-25,11.9,2.7,7.1,0.0,0.0,0.0,11.6,28.8,78,1017.4,72,24.1,10.9,3,40.52,46.08
dashkasan,2026-04-26,13.8,5.4,9.2,6.75,0.3,0.0,7.3,30.1,87,1013.7,98,17.94,13.5,80,40.52,46.08
dashkasan,2026-04-27,13.8,4.1,8.2,16.0,2.7,0.0,10.7,30.2,83,1005.5,99,15.92,11.8,95,40.52,46.08
derbent,2026-04-21,11.1,9.1,10.2,6.2,6.2,0.0,12.0,19.4,84,1014.2,98,7.46,10.0,61,42.06,48.29
derbent,2026-04-22,11.8,8.7,10.3,0.0,0.0,0.0,27.3,45.7,86,1010.9,49,22.64,9.1,45,42.06,48.29
derbent,2026-04-23,10.2,9.4,9.9,0.0,0.0,0.0,33.9,58.0,82,1010.1,89,7.27,8.7,3,42.06,48.29
derbent,2026-04-24,11.5,9.2,10.2,0.0,0.0,0.0,16.6,26.3,79,1010.2,92,16.48,9.6,3,42.06,48.29
derbent,2026-04-25,11.8,9.6,10.5,1.2,1.2,0.0,31.8,52.9,71,1019.0,70,16.65,9.1,61,42.06,48.29
derbent,2026-04-26,16.3,9.5,11.9,0.0,0.0,0.0,21.7,33.8,86,1010.9,92,12.53,16.5,45,42.06,48.29
derbent,2026-04-27,20.5,10.5,14.8,1.6,1.0,0.0,20.3,75.6,81,1004.4,66,21.81,21.8,80,42.06,48.29
erzurum,2026-04-21,8.3,0.6,4.0,3.0,2.9,0.0,26.7,47.5,75,1011.4,75,19.42,3.0,77,39.9,41.27
erzurum,2026-04-22,9.7,1.4,5.5,0.0,0.0,0.0,30.0,57.2,57,1013.1,48,21.51,4.5,3,39.9,41.27
erzurum,2026-04-23,10.2,4.2,6.9,0.0,0.0,0.0,50.9,95.8,61,1009.1,42,25.54,2.0,3,39.9,41.27
erzurum,2026-04-24,9.7,5.2,7.0,7.1,4.5,0.0,45.1,82.1,68,1009.8,97,14.65,2.2,80,39.9,41.27
erzurum,2026-04-25,13.1,4.0,8.6,4.7,4.2,0.0,25.0,44.6,70,1015.4,88,21.69,8.7,80,39.9,41.27
erzurum,2026-04-26,12.2,5.8,8.3,1.8,1.8,0.0,17.2,25.4,71,1012.7,99,14.62,8.1,61,39.9,41.27
erzurum,2026-04-27,9.0,0.1,4.6,9.0,4.5,0.0,14.6,38.5,81,1008.8,99,10.86,6.7,80,39.9,41.27
fuzuli,2026-04-21,10.8,7.9,8.8,16.2,14.4,0.0,10.5,25.6,92,1013.9,98,3.66,9.6,61,39.6,47.15
fuzuli,2026-04-22,18.2,6.2,12.5,0.0,0.0,0.0,10.4,21.6,79,1012.3,39,23.78,18.5,3,39.6,47.15
fuzuli,2026-04-23,20.9,9.6,15.3,0.0,0.0,0.0,14.3,31.0,79,1007.8,21,23.79,22.1,45,39.6,47.15
fuzuli,2026-04-24,17.7,10.2,13.3,0.0,0.0,0.0,13.0,32.8,83,1009.3,80,16.29,16.6,45,39.6,47.15
fuzuli,2026-04-25,18.7,8.5,13.2,0.0,0.0,0.0,14.8,29.2,66,1017.2,37,25.47,17.7,45,39.6,47.15
fuzuli,2026-04-26,16.3,8.7,12.3,0.0,0.0,0.0,7.7,16.6,88,1014.7,98,14.99,16.2,61,39.6,47.15
fuzuli,2026-04-27,22.7,12.4,17.0,8.3,1.7,0.0,12.4,28.4,80,1004.1,71,21.27,25.0,95,39.6,47.15
gabala,2026-04-21,9.9,6.7,7.7,44.9,43.2,0.0,11.2,24.1,98,1013.5,100,3.93,8.7,63,40.98,47.84
gabala,2026-04-22,15.2,5.7,9.9,0.0,0.0,0.0,11.3,25.6,82,1011.9,51,19.36,13.8,51,40.98,47.84
gabala,2026-04-23,18.5,8.6,13.3,1.9,0.0,0.0,10.7,35.3,67,1008.5,35,24.42,18.6,95,40.98,47.84
gabala,2026-04-24,16.3,9.1,12.1,0.0,0.0,0.0,12.6,27.7,81,1008.6,51,21.94,16.0,45,40.98,47.84
gabala,2026-04-25,14.7,7.5,10.7,0.0,0.0,0.0,15.3,30.2,82,1017.0,88,18.77,13.5,3,40.98,47.84
gabala,2026-04-26,16.1,7.0,11.5,0.0,0.0,0.0,5.8,15.3,83,1014.3,82,16.98,15.7,3,40.98,47.84
gabala,2026-04-27,21.3,10.0,14.9,3.7,1.0,0.0,15.8,33.8,73,1003.8,61,23.74,22.6,81,40.98,47.84
gadabay,2026-04-21,6.5,1.8,4.1,7.0,5.9,0.14,5.0,18.7,92,1012.6,100,8.05,4.8,80,40.57,45.81
gadabay,2026-04-22,14.3,0.6,7.3,0.0,0.0,0.0,21.7,48.2,69,1012.1,26,26.72,10.9,45,40.57,45.81
gadabay,2026-04-23,15.6,2.8,9.4,0.0,0.0,0.0,23.8,53.6,62,1008.3,24,24.69,11.9,3,40.57,45.81
gadabay,2026-04-24,14.1,3.9,8.2,0.7,0.0,0.0,15.9,54.7,72,1009.4,61,22.5,12.3,3,40.57,45.81
gadabay,2026-04-25,13.8,3.3,8.1,0.3,0.0,0.0,9.5,28.1,76,1017.0,82,22.71,13.5,3,40.57,45.81
gadabay,2026-04-26,16.9,4.5,10.1,6.15,0.0,0.0,6.8,26.9,80,1013.6,89,18.18,16.8,95,40.57,45.81
gadabay,2026-04-27,16.5,4.3,10.0,11.8,5.8,0.0,11.3,34.6,79,1006.0,89,14.28,15.1,95,40.57,45.81
gakh,2026-04-21,9.3,6.4,7.9,38.3,37.9,0.0,8.8,24.5,94,1013.6,96,4.41,8.7,63,41.42,46.92
gakh,2026-04-22,16.5,5.2,10.6,0.0,0.0,0.0,9.7,23.0,70,1011.9,7,25.35,14.7,2,41.42,46.92
gakh,2026-04-23,20.1,8.9,13.8,4.8,0.0,0.0,10.5,24.5,64,1007.9,20,24.73,20.4,95,41.42,46.92
gakh,2026-04-24,14.2,10.1,11.7,2.9,0.2,0.0,17.1,39.2,87,1009.5,94,14.47,12.8,80,41.42,46.92
gakh,2026-04-25,17.5,9.2,12.5,4.6,4.2,0.0,10.7,30.6,67,1016.7,53,24.38,17.7,61,41.42,46.92
gakh,2026-04-26,17.8,7.6,11.9,0.0,0.0,0.0,6.8,19.8,80,1014.7,92,17.07,17.4,45,41.42,46.92
gakh,2026-04-27,22.4,8.4,14.5,2.3,1.3,0.0,16.5,33.1,78,1004.0,74,21.73,23.0,80,41.42,46.92
ganja,2026-04-21,11.8,8.5,10.1,13.2,13.2,0.0,10.2,19.4,87,1013.0,97,8.19,10.8,63,40.68,46.36
ganja,2026-04-22,18.7,7.0,12.9,0.0,0.0,0.0,9.1,17.6,72,1012.1,16,25.33,18.3,3,40.68,46.36
ganja,2026-04-23,21.2,9.5,15.4,0.0,0.0,0.0,19.7,35.3,72,1007.3,23,24.42,20.6,3,40.68,46.36
ganja,2026-04-24,16.3,10.8,13.0,0.0,0.0,0.0,31.2,60.5,63,1010.2,74,19.81,11.9,45,40.68,46.36
ganja,2026-04-25,19.5,8.5,13.4,0.0,0.0,0.0,19.3,38.5,60,1017.4,48,23.63,18.6,3,40.68,46.36
ganja,2026-04-26,16.4,8.3,12.1,0.3,0.3,0.0,12.4,30.2,83,1014.8,98,15.99,16.0,3,40.68,46.36
ganja,2026-04-27,20.3,9.3,14.0,3.5,0.4,0.0,13.1,40.0,69,1005.2,76,17.8,19.8,80,40.68,46.36
gazakh,2026-04-21,11.8,9.2,10.2,5.6,5.6,0.0,8.6,14.8,83,1013.1,97,9.81,10.3,61,41.09,45.37
gazakh,2026-04-22,19.0,6.4,12.6,0.0,0.0,0.0,13.1,23.8,71,1012.2,27,25.31,17.5,3,41.09,45.37
gazakh,2026-04-23,21.4,9.3,14.9,1.1,0.0,0.0,16.3,29.5,64,1007.5,28,23.92,20.2,80,41.09,45.37
gazakh,2026-04-24,11.9,9.5,10.9,5.6,3.3,0.0,11.4,23.4,72,1011.9,91,11.39,10.6,80,41.09,45.37
gazakh,2026-04-25,18.8,8.6,13.2,4.0,3.6,0.0,14.3,26.6,65,1017.6,59,25.28,16.7,61,41.09,45.37
gazakh,2026-04-26,16.6,9.1,12.6,0.9,0.9,0.0,5.7,15.5,84,1014.8,79,15.39,16.3,55,41.09,45.37
gazakh,2026-04-27,17.3,8.5,12.6,2.0,1.1,0.0,26.1,43.6,74,1006.6,84,13.51,16.0,80,41.09,45.37
gobustan,2026-04-21,9.0,5.9,7.0,13.4,12.5,0.0,14.4,28.4,87,1013.5,98,7.74,7.1,63,40.53,48.93
gobustan,2026-04-22,13.9,5.7,9.6,0.0,0.0,0.0,27.1,57.6,80,1011.3,63,23.97,11.3,51,40.53,48.93
gobustan,2026-04-23,15.8,7.8,11.5,0.0,0.0,0.0,17.3,43.6,76,1008.8,44,25.01,15.9,45,40.53,48.93
gobustan,2026-04-24,13.9,6.6,10.1,0.0,0.0,0.0,23.8,46.4,88,1008.8,51,17.37,10.4,45,40.53,48.93
gobustan,2026-04-25,11.9,5.5,8.4,0.0,0.0,0.0,10.8,27.0,88,1017.9,79,11.54,10.1,51,40.53,48.93
gobustan,2026-04-26,14.2,5.4,10.1,0.0,0.0,0.0,13.0,38.2,79,1014.2,91,17.79,12.8,45,40.53,48.93
gobustan,2026-04-27,22.2,9.5,15.0,1.6,0.0,0.0,16.0,29.9,79,1003.8,52,25.18,21.9,80,40.53,48.93
goranboy,2026-04-21,13.5,9.9,11.5,11.2,10.6,0.0,24.6,45.4,82,1013.0,96,8.94,10.9,63,40.61,46.79
goranboy,2026-04-22,20.6,9.4,14.6,0.0,0.0,0.0,11.3,21.2,70,1011.7,13,25.31,20.3,3,40.61,46.79
goranboy,2026-04-23,22.1,9.4,16.0,0.0,0.0,0.0,26.0,47.2,77,1007.5,36,24.1,22.1,3,40.61,46.79
goranboy,2026-04-24,19.1,11.9,14.5,0.0,0.0,0.0,32.9,62.3,63,1009.7,67,21.0,15.8,3,40.61,46.79
goranboy,2026-04-25,21.2,10.5,15.1,0.0,0.0,0.0,29.7,54.7,54,1017.1,47,22.15,20.5,3,40.61,46.79
goranboy,2026-04-26,18.4,9.4,13.6,0.0,0.0,0.0,17.3,34.9,77,1014.7,87,15.99,17.8,3,40.61,46.79
goranboy,2026-04-27,23.3,11.1,16.0,1.0,0.7,0.0,30.7,67.0,68,1004.5,64,19.29,24.2,61,40.61,46.79
gorgan,2026-04-21,14.6,12.5,13.6,3.6,3.2,0.0,7.9,20.5,94,1012.5,99,3.78,15.1,80,36.84,54.44
gorgan,2026-04-22,14.4,12.3,13.1,0.1,0.0,0.0,5.0,10.1,94,1013.9,81,2.91,15.1,51,36.84,54.44
gorgan,2026-04-23,26.3,10.3,18.8,0.0,0.0,0.0,11.6,24.1,57,1008.9,3,26.72,27.0,1,36.84,54.44
gorgan,2026-04-24,26.9,15.7,21.0,0.0,0.0,0.0,15.1,28.4,46,1009.0,1,26.43,27.4,1,36.84,54.44
gorgan,2026-04-25,21.8,14.3,18.4,0.0,0.0,0.0,18.6,38.5,68,1017.1,66,20.71,22.5,45,36.84,54.44
gorgan,2026-04-26,21.9,13.5,16.7,0.0,0.0,0.0,11.2,23.0,85,1013.8,93,15.98,22.6,45,36.84,54.44
gorgan,2026-04-27,30.7,12.2,20.7,0.0,0.0,0.0,13.8,26.6,74,1003.6,52,24.7,31.7,45,36.84,54.44
goychay,2026-04-21,12.8,9.8,11.2,27.5,26.4,0.0,10.5,23.4,93,1013.5,98,5.3,12.6,63,40.65,47.74
goychay,2026-04-22,20.2,8.5,13.8,0.0,0.0,0.0,17.7,31.7,75,1011.7,36,23.67,18.8,45,40.65,47.74
goychay,2026-04-23,22.2,10.4,15.6,0.0,0.0,0.0,20.6,36.7,71,1008.0,27,24.12,22.9,3,40.65,47.74
goychay,2026-04-24,20.7,11.2,14.8,0.0,0.0,0.0,21.2,41.4,74,1008.9,67,15.8,18.5,3,40.65,47.74
goychay,2026-04-25,18.3,10.6,13.7,0.0,0.0,0.0,23.7,57.2,66,1017.1,68,18.1,16.5,3,40.65,47.74
goychay,2026-04-26,18.8,8.5,13.5,0.0,0.0,0.0,7.6,18.7,77,1014.6,89,18.05,18.9,3,40.65,47.74
goychay,2026-04-27,24.8,10.6,16.5,5.9,0.1,0.0,29.2,63.0,75,1003.7,61,23.18,26.2,81,40.65,47.74
goygol,2026-04-21,9.5,6.9,8.1,21.5,21.2,0.0,7.7,15.8,92,1013.2,100,6.2,8.3,63,40.59,46.32
goygol,2026-04-22,16.4,5.8,11.4,0.0,0.0,0.0,10.9,23.0,76,1012.4,21,24.78,15.9,3,40.59,46.32
goygol,2026-04-23,19.5,9.8,14.7,0.6,0.0,0.0,11.3,27.4,65,1007.6,23,24.0,20.3,3,40.59,46.32
goygol,2026-04-24,14.7,9.2,11.7,0.0,0.0,0.0,20.8,41.8,67,1010.3,63,21.95,12.5,45,40.59,46.32
goygol,2026-04-25,17.0,7.2,11.7,0.0,0.0,0.0,13.7,29.9,66,1017.6,53,23.08,15.0,45,40.59,46.32
goygol,2026-04-26,14.6,8.4,11.3,0.3,0.3,0.0,5.3,16.5,87,1014.6,99,15.91,14.0,45,40.59,46.32
goygol,2026-04-27,18.7,7.7,12.4,3.5,0.4,0.0,13.1,40.0,69,1005.2,76,17.8,17.7,80,40.59,46.32
gubadli,2026-04-21,10.7,7.8,9.3,10.2,9.0,0.0,12.5,24.8,88,1012.9,100,7.07,9.0,80,39.34,46.58
gubadli,2026-04-22,19.1,7.8,13.0,0.2,0.0,0.0,14.6,31.7,79,1012.5,43,24.68,18.9,45,39.34,46.58
gubadli,2026-04-23,23.2,10.3,16.5,0.1,0.0,0.0,9.7,23.4,51,1008.0,45,24.05,23.5,3,39.34,46.58
gubadli,2026-04-24,20.1,11.8,15.2,0.7,0.0,0.0,14.6,38.5,66,1008.8,51,23.79,21.1,3,39.34,46.58
gubadli,2026-04-25,18.3,9.0,13.6,0.0,0.0,0.0,16.4,31.7,62,1017.1,53,25.48,16.4,3,39.34,46.58
gubadli,2026-04-26,19.4,9.5,13.9,0.0,0.0,0.0,9.1,20.2,78,1014.1,100,19.03,19.2,45,39.34,46.58
gubadli,2026-04-27,24.2,12.4,17.2,17.9,0.5,0.0,10.7,27.7,71,1004.0,96,18.91,23.6,95,39.34,46.58
guba,2026-04-21,9.1,6.4,7.5,5.1,4.9,0.0,11.0,20.5,87,1014.6,100,8.56,6.9,61,41.36,48.51
guba,2026-04-22,13.7,4.7,9.5,0.0,0.0,0.0,15.5,30.2,90,1011.0,53,23.47,12.9,45,41.36,48.51
guba,2026-04-23,8.5,5.9,7.3,0.0,0.0,0.0,8.2,15.5,94,1010.1,83,4.81,6.8,45,41.36,48.51
guba,2026-04-24,9.2,5.3,7.1,0.3,0.3,0.0,7.4,15.1,92,1010.1,100,8.69,7.4,61,41.36,48.51
guba,2026-04-25,9.2,6.0,7.5,1.2,1.2,0.0,12.6,29.9,86,1019.1,98,8.81,6.6,61,41.36,48.51
guba,2026-04-26,19.4,5.9,11.9,0.0,0.0,0.0,8.2,18.7,73,1010.8,100,17.73,18.0,3,41.36,48.51
guba,2026-04-27,19.7,4.1,12.0,14.0,10.9,0.0,13.2,41.4,65,1004.4,70,24.65,19.2,80,41.36,48.51
gusar,2026-04-21,8.6,6.0,6.9,6.3,6.2,0.0,9.5,22.3,87,1014.7,99,8.92,6.1,61,41.43,48.43
gusar,2026-04-22,12.9,3.0,8.7,0.0,0.0,0.0,14.2,33.1,89,1011.1,49,23.88,11.9,45,41.43,48.43
gusar,2026-04-23,8.4,5.3,6.8,0.0,0.0,0.0,7.5,21.6,95,1010.2,83,4.91,6.8,45,41.43,48.43
gusar,2026-04-24,8.8,4.7,6.5,0.3,0.3,0.0,7.6,18.4,91,1010.1,100,10.16,6.9,61,41.43,48.43
gusar,2026-04-25,8.7,5.3,6.9,1.5,1.5,0.0,13.0,34.2,86,1019.2,99,9.48,5.9,61,41.43,48.43
gusar,2026-04-26,16.1,5.5,10.8,0.0,0.0,0.0,7.8,19.1,84,1010.8,100,17.45,16.2,3,41.43,48.43
gusar,2026-04-27,21.2,7.4,12.6,7.4,6.7,0.0,18.7,44.6,79,1004.2,67,23.52,23.5,80,41.43,48.43
gyumri,2026-04-21,11.1,3.8,7.0,4.3,0.0,0.0,20.5,34.9,72,1009.3,91,16.3,8.6,95,40.79,43.84
gyumri,2026-04-22,12.5,0.0,6.3,0.4,0.0,0.0,22.0,40.0,67,1013.3,53,24.29,9.6,80,40.79,43.84
gyumri,2026-04-23,13.4,2.4,8.1,1.8,0.0,0.0,30.3,56.2,71,1008.8,59,18.26,8.9,80,40.79,43.84
gyumri,2026-04-24,10.8,3.8,7.6,15.6,4.2,0.0,20.0,53.6,82,1009.4,98,8.46,7.8,80,40.79,43.84
gyumri,2026-04-25,15.0,2.1,8.2,5.7,3.8,0.0,14.1,33.5,76,1016.8,75,24.11,13.1,3,40.79,43.84
gyumri,2026-04-26,12.9,6.2,9.8,3.3,2.25,0.0,11.9,36.7,84,1013.1,80,14.13,11.6,80,40.79,43.84
gyumri,2026-04-27,11.6,3.1,7.0,8.4,2.4,0.0,17.9,49.3,85,1007.6,94,13.59,10.5,80,40.79,43.84
hajigabul,2026-04-21,14.0,10.7,12.4,8.1,6.8,0.0,16.8,29.2,78,1013.4,99,6.48,12.8,80,40.04,48.93
hajigabul,2026-04-22,21.0,9.2,14.6,0.0,0.0,0.0,19.5,35.3,71,1011.8,43,24.19,18.6,3,40.04,48.93
hajigabul,2026-04-23,20.5,9.5,14.5,0.0,0.0,0.0,28.8,51.1,79,1008.6,37,23.01,20.5,3,40.04,48.93
hajigabul,2026-04-24,17.4,9.3,13.4,0.0,0.0,0.0,14.1,24.8,83,1009.2,57,13.28,16.5,45,40.04,48.93
hajigabul,2026-04-25,17.9,10.1,13.3,0.0,0.0,0.0,24.2,45.0,70,1017.7,43,20.13,15.9,3,40.04,48.93
hajigabul,2026-04-26,18.0,8.7,13.1,0.0,0.0,0.0,11.4,20.5,77,1014.5,81,14.93,17.8,3,40.04,48.93
hajigabul,2026-04-27,26.5,10.4,17.5,0.7,0.0,0.0,20.2,28.1,75,1003.6,39,24.36,29.0,80,40.04,48.93
imishli,2026-04-21,12.9,10.4,11.6,8.3,5.8,0.0,17.5,31.0,86,1013.5,97,4.71,12.4,80,39.87,48.06
imishli,2026-04-22,21.7,8.4,15.0,0.0,0.0,0.0,10.7,21.2,73,1011.8,18,25.31,22.4,2,39.87,48.06
imishli,2026-04-23,24.4,9.5,15.7,0.0,0.0,0.0,27.1,50.4,76,1007.8,26,24.45,24.4,3,39.87,48.06
imishli,2026-04-24,19.1,11.6,14.3,0.0,0.0,0.0,14.8,31.0,78,1009.2,76,11.59,19.6,3,39.87,48.06
imishli,2026-04-25,22.5,10.4,14.9,0.0,0.0,0.0,26.5,53.6,56,1017.2,19,24.83,22.4,3,39.87,48.06
imishli,2026-04-26,18.8,10.6,14.0,0.0,0.0,0.0,11.6,25.6,76,1014.6,86,14.0,18.7,3,39.87,48.06
imishli,2026-04-27,26.3,10.8,17.8,1.0,0.0,0.0,23.0,58.0,68,1003.7,42,24.17,28.3,80,39.87,48.06
ismayilli,2026-04-21,11.2,8.3,9.6,22.9,21.7,0.0,13.6,36.0,95,1013.4,98,5.27,9.3,63,40.78,48.15
ismayilli,2026-04-22,17.5,7.1,11.7,0.0,0.0,0.0,24.1,49.0,78,1011.9,38,24.69,14.1,45,40.78,48.15
ismayilli,2026-04-23,19.8,8.9,14.2,0.0,0.0,0.0,14.8,31.7,74,1008.6,34,24.56,21.5,45,40.78,48.15
ismayilli,2026-04-24,18.2,9.6,13.2,0.0,0.0,0.0,21.3,42.1,86,1008.9,63,17.84,16.1,45,40.78,48.15
ismayilli,2026-04-25,15.9,8.9,11.6,0.6,0.0,0.0,15.0,49.7,84,1017.4,75,15.9,15.5,80,40.78,48.15
ismayilli,2026-04-26,16.8,7.5,12.1,0.0,0.0,0.0,9.4,21.2,85,1014.7,90,16.66,16.4,45,40.78,48.15
ismayilli,2026-04-27,22.8,10.5,16.0,11.3,1.7,0.0,15.1,31.3,82,1003.7,62,23.69,24.3,95,40.78,48.15
jabrayil,2026-04-21,11.2,7.3,8.7,7.1,4.2,0.0,26.5,48.6,87,1013.0,99,5.87,8.7,80,39.4,47.03
jabrayil,2026-04-22,18.3,7.6,12.7,0.0,0.0,0.0,17.9,35.6,77,1012.2,29,25.39,18.3,3,39.4,47.03
jabrayil,2026-04-23,24.4,10.9,16.9,0.0,0.0,0.0,17.9,34.9,58,1007.4,4,26.05,21.9,0,39.4,47.03
jabrayil,2026-04-24,17.8,11.7,14.3,0.1,0.0,0.0,20.6,47.2,71,1008.8,51,22.86,17.2,61,39.4,47.03
jabrayil,2026-04-25,18.1,10.3,13.9,0.0,0.0,0.0,17.0,33.8,56,1017.0,62,25.21,16.2,45,39.4,47.03
jabrayil,2026-04-26,17.0,8.3,12.2,0.0,0.0,0.0,10.0,22.7,86,1014.4,97,17.15,16.8,45,39.4,47.03
jabrayil,2026-04-27,22.9,12.0,16.8,12.2,0.0,0.0,15.5,47.9,69,1003.7,84,20.94,23.4,95,39.4,47.03
jalilabad,2026-04-21,13.1,10.7,11.6,2.9,1.6,0.0,13.7,29.2,84,1013.7,99,5.41,11.2,80,39.21,48.49
jalilabad,2026-04-22,21.2,7.5,13.9,0.0,0.0,0.0,15.7,33.5,75,1012.1,29,24.67,21.5,3,39.21,48.49
jalilabad,2026-04-23,23.9,8.4,15.3,0.0,0.0,0.0,16.0,34.6,81,1008.1,44,24.18,25.5,45,39.21,48.49
jalilabad,2026-04-24,17.9,11.7,14.3,0.0,0.0,0.0,12.6,28.1,87,1009.2,85,11.15,18.3,45,39.21,48.49
jalilabad,2026-04-25,21.0,11.9,14.9,0.0,0.0,0.0,22.9,50.8,57,1017.9,61,23.15,21.5,3,39.21,48.49
jalilabad,2026-04-26,18.7,10.4,13.9,0.0,0.0,0.0,8.5,19.8,83,1014.4,98,14.56,18.2,45,39.21,48.49
jalilabad,2026-04-27,24.8,10.2,16.9,0.6,0.1,0.0,20.7,32.0,80,1003.8,72,23.66,26.6,61,39.21,48.49
julfa,2026-04-21,17.5,10.4,13.2,11.3,0.0,0.0,11.9,26.3,76,1008.7,96,17.48,17.2,95,38.96,45.63
julfa,2026-04-22,20.4,10.0,14.9,0.0,0.0,0.0,6.1,14.8,63,1011.8,49,25.17,20.0,3,38.96,45.63
julfa,2026-04-23,22.7,10.6,16.7,0.0,0.0,0.0,19.2,36.4,52,1009.0,37,23.83,20.8,2,38.96,45.63
julfa,2026-04-24,26.0,11.4,18.2,0.0,0.0,0.0,26.1,48.2,47,1008.4,66,21.43,21.6,3,38.96,45.63
julfa,2026-04-25,25.5,12.0,18.5,0.0,0.0,0.0,13.4,22.0,52,1013.2,64,23.66,25.2,3,38.96,45.63
julfa,2026-04-26,23.6,12.9,17.3,3.45,0.0,0.0,8.0,22.3,56,1011.9,98,20.22,23.4,3,38.96,45.63
julfa,2026-04-27,20.5,12.6,16.3,2.0,0.0,0.0,13.0,36.4,67,1004.5,100,16.9,19.8,80,38.96,45.63
kalbajar,2026-04-21,7.0,2.0,4.3,15.5,14.6,0.0,7.6,16.2,94,1011.9,99,10.11,5.2,63,40.1,46.04
kalbajar,2026-04-22,13.8,3.3,8.3,0.7,0.7,0.0,19.4,40.0,61,1011.5,30,27.33,10.2,61,40.1,46.04
kalbajar,2026-04-23,14.6,3.4,9.1,0.0,0.0,0.0,22.6,50.4,61,1009.0,34,25.57,11.0,3,40.1,46.04
kalbajar,2026-04-24,16.0,6.5,11.3,0.0,0.0,0.0,35.7,73.1,49,1007.7,25,25.97,10.3,3,40.1,46.04
kalbajar,2026-04-25,16.7,7.7,11.4,0.9,0.0,0.0,21.3,42.8,63,1014.9,64,20.6,14.3,3,40.1,46.04
kalbajar,2026-04-26,16.2,7.3,10.8,0.9,0.0,0.0,18.1,45.7,74,1013.3,96,19.02,15.8,80,40.1,46.04
kalbajar,2026-04-27,13.0,6.3,9.9,2.0,0.8,0.0,9.3,36.0,67,1005.5,100,17.58,11.2,63,40.1,46.04
kangarli,2026-04-21,15.9,10.6,12.5,11.9,0.1,0.0,9.2,24.5,79,1008.8,94,16.79,15.3,95,39.39,45.05
kangarli,2026-04-22,19.6,8.8,14.0,0.2,0.0,0.0,6.6,13.0,66,1012.0,56,25.16,19.4,3,39.39,45.05
kangarli,2026-04-23,23.0,9.0,15.9,0.0,0.0,0.0,29.5,53.3,52,1008.9,29,25.38,20.0,3,39.39,45.05
kangarli,2026-04-24,24.2,10.8,17.7,0.0,0.0,0.0,26.2,50.4,46,1008.2,78,22.16,23.5,3,39.39,45.05
kangarli,2026-04-25,25.1,10.9,18.2,0.0,0.0,0.0,19.2,34.2,51,1013.0,76,25.23,23.9,3,39.39,45.05
kangarli,2026-04-26,22.6,13.9,17.4,6.0,0.0,0.0,8.0,23.0,64,1011.6,98,19.49,22.7,81,39.39,45.05
kangarli,2026-04-27,21.3,10.4,15.6,10.1,0.0,0.0,11.6,47.5,72,1004.4,100,17.61,19.5,80,39.39,45.05
khachmaz,2026-04-21,12.8,8.6,10.9,2.8,2.7,0.0,11.0,20.9,81,1014.3,96,8.19,11.8,61,41.46,48.8
khachmaz,2026-04-22,15.4,7.4,10.9,0.0,0.0,0.0,20.8,40.0,84,1011.3,49,23.18,13.2,45,41.46,48.8
khachmaz,2026-04-23,11.9,9.1,10.4,0.0,0.0,0.0,18.7,34.9,84,1009.8,89,6.33,8.9,45,41.46,48.8
khachmaz,2026-04-24,13.9,8.6,10.7,0.0,0.0,0.0,10.7,19.4,77,1009.9,97,12.66,12.0,3,41.46,48.8
khachmaz,2026-04-25,14.1,8.9,10.8,0.9,0.9,0.0,18.8,36.0,76,1018.9,83,12.71,12.3,61,41.46,48.8
khachmaz,2026-04-26,15.5,8.6,11.8,0.0,0.0,0.0,13.2,28.1,83,1011.1,98,13.7,15.1,3,41.46,48.8
khachmaz,2026-04-27,19.4,9.6,13.7,1.3,1.3,0.0,25.8,60.5,82,1004.3,61,22.78,18.0,61,41.46,48.8
khankendi,2026-04-21,8.0,5.1,6.6,13.6,12.9,0.0,10.6,24.1,91,1013.9,99,6.05,6.3,61,39.82,46.75
khankendi,2026-04-22,15.8,4.4,10.4,0.0,0.0,0.0,9.7,26.3,77,1012.7,40,23.36,14.8,3,39.82,46.75
khankendi,2026-04-23,20.4,7.5,14.1,0.4,0.0,0.0,12.3,37.8,64,1008.2,18,24.93,20.6,3,39.82,46.75
khankendi,2026-04-24,16.8,8.6,12.5,0.0,0.0,0.0,17.6,50.4,72,1009.0,73,22.61,16.8,3,39.82,46.75
khankendi,2026-04-25,15.8,6.5,11.1,0.0,0.0,0.0,12.4,34.9,71,1017.4,50,24.48,14.8,3,39.82,46.75
khankendi,2026-04-26,17.5,7.8,12.6,0.0,0.0,0.0,8.7,25.5,85,1014.2,98,20.57,17.7,3,39.82,46.75
khankendi,2026-04-27,22.6,12.2,16.0,23.7,1.0,0.0,9.5,34.6,75,1004.4,88,18.36,22.8,95,39.82,46.75
khizi,2026-04-21,8.2,5.9,6.7,12.4,11.9,0.0,10.6,24.1,88,1014.6,99,6.41,6.2,63,40.91,49.07
khizi,2026-04-22,14.2,4.1,9.3,0.0,0.0,0.0,14.1,28.4,87,1011.0,40,22.45,13.4,45,40.91,49.07
khizi,2026-04-23,11.3,6.3,8.6,0.0,0.0,0.0,16.2,31.3,90,1009.5,56,12.52,9.1,45,40.91,49.07
khizi,2026-04-24,11.3,3.9,7.7,0.0,0.0,0.0,14.7,28.8,93,1009.6,91,14.97,9.0,45,40.91,49.07
khizi,2026-04-25,8.1,4.9,6.7,0.3,0.3,0.0,16.7,42.5,89,1019.0,97,7.97,6.0,61,40.91,49.07
khizi,2026-04-26,22.3,7.5,15.2,0.0,0.0,0.0,13.4,68.4,59,1010.0,99,16.03,20.6,3,40.91,49.07
khizi,2026-04-27,25.5,8.0,16.3,1.5,0.0,0.0,21.1,87.5,60,1003.1,41,25.16,24.2,80,40.91,49.07
khojaly,2026-04-21,10.3,8.1,9.1,11.4,10.5,0.0,10.9,25.2,90,1013.6,96,6.39,9.3,80,39.91,46.79
khojaly,2026-04-22,17.5,6.8,12.5,0.2,0.2,0.0,10.4,21.2,81,1012.4,39,24.18,17.5,61,39.91,46.79
khojaly,2026-04-23,19.8,9.8,15.2,0.0,0.0,0.0,12.6,25.2,80,1008.2,33,23.22,21.4,45,39.91,46.79
khojaly,2026-04-24,17.3,10.2,13.3,0.0,0.0,0.0,15.0,30.2,86,1009.4,76,16.93,16.3,45,39.91,46.79
khojaly,2026-04-25,18.2,8.3,13.3,0.0,0.0,0.0,14.9,31.7,72,1017.2,42,23.65,17.1,45,39.91,46.79
khojaly,2026-04-26,16.3,9.1,12.6,0.0,0.0,0.0,8.1,21.0,88,1014.4,99,19.27,16.5,45,39.91,46.79
khojaly,2026-04-27,21.0,10.7,14.4,23.7,1.0,0.0,10.3,34.6,75,1004.4,88,18.35,20.6,95,39.91,46.79
khojavend,2026-04-21,10.1,7.1,8.3,16.3,14.9,0.0,14.0,40.0,95,1014.1,96,5.11,9.4,61,39.79,47.0
khojavend,2026-04-22,17.3,7.6,12.6,0.0,0.0,0.0,9.9,22.0,80,1012.3,46,24.54,17.8,3,39.79,47.0
khojavend,2026-04-23,19.8,11.4,15.7,1.4,0.0,0.0,11.1,36.4,82,1008.0,38,23.13,21.6,80,39.79,47.0
khojavend,2026-04-24,16.9,11.2,13.4,0.0,0.0,0.0,15.9,34.6,82,1009.3,71,17.15,15.4,45,39.79,47.0
khojavend,2026-04-25,17.5,10.1,13.4,0.0,0.0,0.0,19.9,41.0,65,1017.2,47,25.03,16.1,45,39.79,47.0
khojavend,2026-04-26,15.8,9.2,12.2,0.0,0.0,0.0,7.2,18.7,90,1014.5,98,17.83,15.9,45,39.79,47.0
khojavend,2026-04-27,20.2,10.3,14.2,20.0,0.9,0.0,10.0,33.8,80,1004.3,85,21.0,21.4,95,39.79,47.0
kurdamir,2026-04-21,13.4,10.4,11.9,18.3,16.0,0.0,14.1,28.8,90,1013.5,99,6.33,12.5,63,40.34,48.16
kurdamir,2026-04-22,21.6,8.6,14.5,0.0,0.0,0.0,16.9,30.6,76,1011.6,34,24.09,19.8,3,40.34,48.16
kurdamir,2026-04-23,23.1,9.1,15.3,0.0,0.0,0.0,24.0,44.3,76,1008.1,21,24.52,23.3,3,40.34,48.16
kurdamir,2026-04-24,20.6,10.3,14.8,0.0,0.0,0.0,23.8,42.8,76,1008.9,62,13.82,19.6,45,40.34,48.16
kurdamir,2026-04-25,20.8,10.1,14.2,0.0,0.0,0.0,25.2,49.0,66,1017.0,31,22.01,20.2,2,40.34,48.16
kurdamir,2026-04-26,19.0,8.6,13.4,0.0,0.0,0.0,7.7,17.6,79,1014.6,74,16.73,19.5,3,40.34,48.16
kurdamir,2026-04-27,25.3,11.1,17.1,1.8,0.0,0.0,30.8,52.9,74,1003.4,50,23.52,28.6,80,40.34,48.16
kutaisi,2026-04-21,16.7,8.1,11.9,0.0,0.0,0.0,15.5,28.8,79,1013.8,75,19.66,15.1,3,42.27,42.7
kutaisi,2026-04-22,19.1,8.4,13.1,0.3,0.1,0.0,17.3,33.5,74,1012.7,78,15.64,18.5,80,42.27,42.7
kutaisi,2026-04-23,11.3,7.5,9.6,14.6,14.3,0.0,16.9,29.2,88,1012.3,98,4.41,9.9,61,42.27,42.7
kutaisi,2026-04-24,12.9,6.5,9.1,8.3,7.9,0.0,8.3,15.8,84,1016.2,99,13.6,11.3,61,42.27,42.7
kutaisi,2026-04-25,20.2,5.8,13.4,0.1,0.1,0.0,15.7,29.5,65,1017.7,42,25.68,18.7,3,42.27,42.7
kutaisi,2026-04-26,25.5,16.6,19.9,0.2,0.2,0.0,29.9,59.4,51,1008.5,90,16.53,25.1,3,42.27,42.7
kutaisi,2026-04-27,15.8,7.6,11.7,25.9,20.4,0.0,31.4,67.0,86,1012.8,92,5.18,15.4,80,42.27,42.7
lachin,2026-04-21,7.7,4.8,6.4,19.0,17.9,0.0,7.3,18.7,92,1012.2,100,7.47,5.7,80,39.64,46.55
lachin,2026-04-22,16.1,5.2,9.8,0.0,0.0,0.0,11.3,28.4,80,1012.3,50,25.74,16.0,45,39.64,46.55
lachin,2026-04-23,19.0,5.1,12.3,0.0,0.0,0.0,20.6,48.2,59,1008.9,30,25.25,17.2,3,39.64,46.55
lachin,2026-04-24,19.8,5.1,12.6,0.4,0.0,0.0,18.8,60.1,63,1008.7,67,22.5,17.2,45,39.64,46.55
lachin,2026-04-25,14.9,6.0,10.1,0.0,0.0,0.0,10.9,31.3,72,1017.3,62,25.15,13.5,45,39.64,46.55
lachin,2026-04-26,19.6,6.5,12.6,0.0,0.0,0.0,8.7,22.1,70,1013.7,96,21.72,18.7,3,39.64,46.55
lachin,2026-04-27,20.8,8.3,14.5,14.6,1.3,0.0,10.7,27.4,72,1004.6,100,17.16,18.9,95,39.64,46.55
lankaran,2026-04-21,13.3,11.4,12.3,2.5,1.9,0.0,12.7,23.4,86,1014.0,100,4.05,12.2,61,38.75,48.85
lankaran,2026-04-22,18.8,8.4,14.1,0.0,0.0,0.0,21.4,39.6,79,1012.7,30,24.73,17.4,3,38.75,48.85
lankaran,2026-04-23,19.3,10.6,14.9,0.0,0.0,0.0,14.7,28.1,89,1008.4,48,23.91,21.2,45,38.75,48.85
lankaran,2026-04-24,15.0,12.5,13.9,0.0,0.0,0.0,9.4,19.1,90,1009.3,82,11.88,14.9,45,38.75,48.85
lankaran,2026-04-25,16.3,11.2,13.5,0.0,0.0,0.0,19.2,34.6,77,1018.2,67,21.63,15.3,3,38.75,48.85
lankaran,2026-04-26,16.2,10.4,13.0,0.0,0.0,0.0,10.2,22.1,88,1014.5,95,11.97,15.8,45,38.75,48.85
lankaran,2026-04-27,21.2,10.9,16.2,0.3,0.0,0.0,10.1,37.1,81,1004.0,61,19.47,24.1,80,38.75,48.85
lerik,2026-04-21,6.9,4.0,5.6,0.4,0.4,0.0,11.5,21.2,99,1014.0,100,8.08,4.5,51,38.77,48.42
lerik,2026-04-22,14.3,5.2,10.2,1.3,0.0,0.0,14.0,39.2,80,1012.6,47,22.61,13.8,80,38.77,48.42
lerik,2026-04-23,20.7,11.9,16.0,0.0,0.0,0.0,20.0,47.9,41,1008.5,7,26.73,20.1,2,38.77,48.42
lerik,2026-04-24,22.7,14.7,17.8,0.0,0.0,0.0,43.0,83.9,33,1008.1,25,27.81,17.8,3,38.77,48.42
lerik,2026-04-25,14.2,8.3,11.0,0.0,0.0,0.0,12.3,29.5,74,1017.4,68,23.06,12.6,45,38.77,48.42
lerik,2026-04-26,18.1,10.7,13.5,1.5,0.0,0.0,14.4,40.3,71,1013.1,96,19.31,17.9,3,38.77,48.42
lerik,2026-04-27,15.6,7.7,12.1,1.0,0.0,0.0,22.6,52.2,59,1005.4,67,21.14,11.3,80,38.77,48.42
makhachkala,2026-04-21,11.3,8.8,9.7,2.6,2.6,0.0,13.1,32.4,82,1014.2,99,5.99,9.3,61,42.98,47.5
makhachkala,2026-04-22,14.6,7.9,11.2,0.0,0.0,0.0,21.8,57.6,82,1010.4,66,22.09,12.1,3,42.98,47.5
makhachkala,2026-04-23,10.8,8.2,9.4,1.9,1.7,0.0,18.0,49.0,82,1010.8,96,7.89,8.7,61,42.98,47.5
makhachkala,2026-04-24,13.2,8.0,10.5,0.2,0.2,0.0,17.7,46.1,79,1010.1,93,17.65,10.8,3,42.98,47.5
makhachkala,2026-04-25,15.1,8.4,11.5,2.4,2.1,0.0,18.9,51.8,63,1018.3,53,21.56,13.8,61,42.98,47.5
makhachkala,2026-04-26,13.7,9.6,11.6,0.0,0.0,0.0,20.9,52.6,82,1011.0,93,14.0,12.7,3,42.98,47.5
makhachkala,2026-04-27,18.8,9.7,13.1,7.6,7.6,0.0,36.1,86.4,78,1005.5,84,20.75,16.2,61,42.98,47.5
malatya,2026-04-21,15.9,5.2,10.5,0.0,0.0,0.0,12.6,22.0,55,1012.4,15,26.81,14.9,3,38.35,38.31
malatya,2026-04-22,18.1,6.4,12.1,0.0,0.0,0.0,15.7,28.1,59,1012.9,35,23.91,18.2,3,38.35,38.31
malatya,2026-04-23,18.5,7.6,13.2,0.0,0.0,0.0,30.5,52.2,56,1009.4,46,26.38,15.2,3,38.35,38.31
malatya,2026-04-24,19.4,8.4,13.7,0.2,0.0,0.0,22.5,38.2,65,1010.1,64,23.71,19.0,3,38.35,38.31
malatya,2026-04-25,18.5,9.7,13.9,0.3,0.0,0.0,7.9,15.5,73,1013.7,87,17.69,18.5,61,38.35,38.31
malatya,2026-04-26,18.7,9.8,14.4,0.45,0.0,0.0,8.9,30.0,74,1011.1,83,19.69,19.3,61,38.35,38.31
malatya,2026-04-27,17.7,7.3,12.5,0.0,0.0,0.0,23.8,51.1,60,1008.9,39,23.39,14.3,3,38.35,38.31
masalli,2026-04-21,13.4,11.0,12.0,2.6,2.0,0.0,11.6,23.8,84,1013.8,100,5.28,11.9,61,39.04,48.66
masalli,2026-04-22,20.3,7.5,14.0,0.0,0.0,0.0,18.8,39.2,77,1012.2,29,24.67,20.6,3,39.04,48.66
masalli,2026-04-23,22.2,8.7,15.1,0.0,0.0,0.0,16.5,34.6,84,1008.3,41,24.3,24.0,45,39.04,48.66
masalli,2026-04-24,17.8,11.7,14.3,0.0,0.0,0.0,10.8,22.0,85,1009.2,86,13.47,17.9,45,39.04,48.66
masalli,2026-04-25,19.0,11.6,14.2,0.0,0.0,0.0,22.7,43.6,65,1018.0,78,22.19,18.6,3,39.04,48.66
masalli,2026-04-26,17.5,11.0,13.9,0.0,0.0,0.0,9.0,18.8,86,1014.5,93,13.54,17.4,45,39.04,48.66
masalli,2026-04-27,23.2,12.6,17.2,1.8,0.0,0.0,16.0,25.2,87,1004.0,74,21.7,25.7,80,39.04,48.66
mingachevir,2026-04-21,12.9,10.6,11.8,16.0,15.2,0.0,13.4,25.2,89,1013.4,98,5.7,12.5,63,40.76,47.05
mingachevir,2026-04-22,20.7,9.9,15.1,0.0,0.0,0.0,12.1,24.5,70,1011.5,17,25.1,19.6,3,40.76,47.05
mingachevir,2026-04-23,23.1,10.5,16.7,0.0,0.0,0.0,21.5,42.1,73,1007.6,29,24.2,23.9,3,40.76,47.05
mingachevir,2026-04-24,20.7,12.3,15.3,0.0,0.0,0.0,30.1,59.0,68,1009.4,67,19.59,17.6,3,40.76,47.05
mingachevir,2026-04-25,21.1,12.0,15.6,0.0,0.0,0.0,30.8,64.8,54,1016.8,44,21.95,21.3,3,40.76,47.05
mingachevir,2026-04-26,19.7,9.7,14.4,0.0,0.0,0.0,13.8,32.0,74,1014.6,85,16.8,19.7,45,40.76,47.05
mingachevir,2026-04-27,24.0,12.0,16.6,0.9,0.1,0.0,38.0,82.1,68,1004.1,69,20.57,24.4,80,40.76,47.05
naftalan,2026-04-21,12.7,9.3,10.9,8.8,7.9,0.0,28.6,54.0,80,1013.2,95,9.18,10.6,80,40.51,46.82
naftalan,2026-04-22,19.5,9.0,14.1,0.0,0.0,0.0,9.8,19.8,70,1012.1,14,25.4,19.6,3,40.51,46.82
naftalan,2026-04-23,21.1,10.9,16.0,0.1,0.0,0.0,26.0,49.3,74,1007.6,39,22.75,21.5,3,40.51,46.82
naftalan,2026-04-24,18.6,11.4,14.3,0.1,0.0,0.0,30.3,59.4,63,1009.6,77,21.61,15.2,3,40.51,46.82
naftalan,2026-04-25,20.3,10.9,14.9,0.0,0.0,0.0,28.3,54.4,53,1017.1,54,21.05,18.8,3,40.51,46.82
naftalan,2026-04-26,16.9,9.4,12.9,0.0,0.0,0.0,17.6,36.7,83,1014.7,94,15.56,16.8,3,40.51,46.82
naftalan,2026-04-27,21.4,10.9,15.5,3.0,0.9,0.0,25.7,50.0,69,1004.3,64,20.37,23.3,80,40.51,46.82
nakhchivan,2026-04-21,16.0,10.2,12.4,15.5,0.6,0.0,9.3,26.6,81,1008.7,97,17.07,16.5,95,39.21,45.41
nakhchivan,2026-04-22,19.3,9.4,13.6,2.8,0.0,0.0,6.8,13.3,66,1012.0,46,24.8,19.0,95,39.21,45.41
nakhchivan,2026-04-23,21.9,7.7,14.8,0.0,0.0,0.0,19.5,33.5,55,1009.3,34,23.22,21.1,2,39.21,45.41
nakhchivan,2026-04-24,23.5,9.2,16.5,0.0,0.0,0.0,18.4,36.0,53,1008.6,82,21.15,22.0,3,39.21,45.41
nakhchivan,2026-04-25,24.5,8.9,17.0,0.0,0.0,0.0,14.7,31.0,56,1013.4,50,25.19,24.5,3,39.21,45.41
nakhchivan,2026-04-26,22.5,13.5,17.1,1.65,0.0,0.0,9.8,34.2,62,1011.7,96,18.7,22.7,80,39.21,45.41
nakhchivan,2026-04-27,20.4,11.2,16.0,13.3,0.0,0.0,25.4,46.4,65,1004.4,92,17.58,18.7,95,39.21,45.41
neftchala,2026-04-21,13.4,11.4,12.5,1.6,1.4,0.0,23.6,43.6,76,1013.8,97,7.79,10.8,61,39.38,49.25
neftchala,2026-04-22,19.6,8.8,14.3,0.0,0.0,0.0,21.0,40.0,75,1012.6,18,25.14,19.6,2,39.38,49.25
neftchala,2026-04-23,19.0,12.3,15.3,0.0,0.0,0.0,24.4,45.4,85,1008.7,50,22.52,19.5,3,39.38,49.25
neftchala,2026-04-24,16.5,12.0,13.7,0.0,0.0,0.0,19.5,38.9,80,1009.3,57,19.41,15.6,3,39.38,49.25
neftchala,2026-04-25,15.4,11.1,13.3,0.0,0.0,0.0,26.6,52.2,70,1018.3,59,20.59,12.4,3,39.38,49.25
neftchala,2026-04-26,18.0,11.4,14.5,0.0,0.0,0.0,13.4,27.7,79,1014.5,96,13.91,16.9,3,39.38,49.25
neftchala,2026-04-27,22.2,11.3,16.3,0.0,0.0,0.0,23.1,45.7,79,1004.0,58,24.39,22.3,45,39.38,49.25
oghuz,2026-04-21,10.0,7.3,8.2,38.4,37.4,0.0,13.0,27.0,97,1013.5,99,4.58,9.4,63,41.07,47.47
oghuz,2026-04-22,16.9,4.7,10.5,0.0,0.0,0.0,14.2,29.5,76,1011.6,29,23.73,14.3,45,41.07,47.47
oghuz,2026-04-23,19.4,8.7,13.7,2.1,0.0,0.0,9.4,29.2,68,1008.4,29,23.82,19.9,80,41.07,47.47
oghuz,2026-04-24,16.7,8.6,12.4,0.0,0.0,0.0,10.5,28.4,82,1008.6,70,18.9,15.9,3,41.07,47.47
oghuz,2026-04-25,15.9,8.0,11.7,0.0,0.0,0.0,12.7,27.4,75,1016.6,78,22.05,14.8,45,41.07,47.47
oghuz,2026-04-26,15.5,6.7,11.2,0.6,0.0,0.0,7.6,15.5,84,1014.6,80,16.49,14.9,45,41.07,47.47
oghuz,2026-04-27,21.1,9.3,14.4,8.7,3.7,0.0,29.8,55.4,73,1003.9,57,22.4,21.0,81,41.07,47.47
oral,2026-04-21,10.5,3.2,7.4,0.0,0.0,0.0,20.0,45.4,62,1008.2,52,20.36,8.7,3,51.23,51.37
oral,2026-04-22,12.5,1.0,6.8,3.4,3.4,0.0,13.7,33.8,67,1009.4,69,10.99,9.8,61,51.23,51.37
oral,2026-04-23,10.4,5.6,7.7,3.7,2.9,0.0,22.0,50.0,73,1003.0,84,10.08,5.5,80,51.23,51.37
oral,2026-04-24,13.8,3.9,8.1,3.4,0.4,0.0,26.3,70.2,69,1002.8,75,16.09,8.8,80,51.23,51.37
oral,2026-04-25,11.0,3.7,7.2,0.9,0.0,0.0,26.4,61.6,62,1004.5,72,18.82,4.9,80,51.23,51.37
oral,2026-04-26,16.3,4.9,10.3,0.3,0.3,0.0,15.5,36.4,68,1013.9,83,14.65,12.6,3,51.23,51.37
oral,2026-04-27,15.7,9.1,11.8,1.5,1.2,0.0,30.0,47.9,65,1011.2,97,9.3,11.2,61,51.23,51.37
ordubad,2026-04-21,14.6,9.9,11.5,9.2,0.6,0.0,13.0,20.5,77,1008.7,97,14.12,13.4,95,38.91,46.02
ordubad,2026-04-22,18.0,8.5,12.8,0.0,0.0,0.0,20.6,33.1,65,1012.0,47,24.31,14.9,3,38.91,46.02
ordubad,2026-04-23,19.7,11.1,15.1,0.0,0.0,0.0,25.0,41.4,45,1009.2,47,21.47,16.0,3,38.91,46.02
ordubad,2026-04-24,22.0,13.2,17.3,0.0,0.0,0.0,31.8,58.7,35,1008.6,55,21.22,17.4,3,38.91,46.02
ordubad,2026-04-25,22.7,13.4,17.5,0.0,0.0,0.0,15.5,30.2,45,1013.8,43,24.72,21.7,3,38.91,46.02
ordubad,2026-04-26,21.8,13.6,16.7,2.5,0.3,0.0,9.8,24.8,59,1012.1,98,15.55,20.8,80,38.91,46.02
ordubad,2026-04-27,21.1,13.3,16.5,0.7,0.3,0.0,10.3,24.8,60,1004.3,95,17.83,19.5,80,38.91,46.02
rasht,2026-04-21,15.9,13.2,14.1,0.6,0.0,0.0,12.3,21.2,83,1013.0,100,5.36,14.6,80,37.28,49.59
rasht,2026-04-22,22.7,12.8,16.5,0.0,0.0,0.0,16.5,29.5,76,1012.7,53,21.22,23.2,45,37.28,49.59
rasht,2026-04-23,28.5,10.3,18.6,0.0,0.0,0.0,18.9,32.8,74,1007.6,26,25.89,30.4,45,37.28,49.59
rasht,2026-04-24,29.0,11.6,18.3,0.0,0.0,0.0,22.5,37.8,74,1008.7,34,25.51,28.7,45,37.28,49.59
rasht,2026-04-25,19.0,13.0,15.8,0.0,0.0,0.0,15.9,28.8,73,1018.7,92,20.57,17.5,45,37.28,49.59
rasht,2026-04-26,19.3,10.7,15.3,0.0,0.0,0.0,9.7,19.4,82,1013.8,92,15.21,19.0,45,37.28,49.59
rasht,2026-04-27,25.0,12.3,18.9,0.0,0.0,0.0,13.5,49.7,76,1003.2,93,14.7,26.2,45,37.28,49.59
saatli,2026-04-21,13.0,10.2,11.6,7.3,5.4,0.0,15.0,26.6,87,1013.6,98,4.58,12.9,80,39.94,48.37
saatli,2026-04-22,21.6,7.9,14.5,0.0,0.0,0.0,13.0,23.8,74,1012.1,22,25.47,21.1,3,39.94,48.37
saatli,2026-04-23,23.2,9.4,15.0,0.0,0.0,0.0,25.9,50.0,79,1008.1,32,24.58,23.7,45,39.94,48.37
saatli,2026-04-24,18.0,11.4,14.0,0.0,0.0,0.0,14.3,26.3,80,1009.2,73,10.7,17.9,3,39.94,48.37
saatli,2026-04-25,20.4,9.9,14.2,0.0,0.0,0.0,30.9,59.8,62,1017.3,25,24.82,20.3,2,39.94,48.37
saatli,2026-04-26,19.1,9.1,13.7,0.0,0.0,0.0,9.5,21.6,78,1014.6,82,13.23,18.8,3,39.94,48.37
saatli,2026-04-27,26.5,11.9,18.6,0.4,0.0,0.0,29.7,51.1,68,1003.6,37,24.18,28.6,80,39.94,48.37
sabirabad,2026-04-21,13.2,10.5,11.7,9.5,7.9,0.0,12.8,23.8,88,1013.6,97,5.11,12.7,61,40.01,48.47
sabirabad,2026-04-22,21.5,8.1,14.4,0.0,0.0,0.0,14.1,26.6,74,1012.0,24,25.14,20.6,3,40.01,48.47
sabirabad,2026-04-23,22.5,9.4,14.8,0.0,0.0,0.0,27.6,50.8,80,1008.3,33,24.4,22.6,45,40.01,48.47
sabirabad,2026-04-24,17.8,11.3,14.0,0.0,0.0,0.0,15.3,25.9,80,1009.2,71,10.54,17.4,3,40.01,48.47
sabirabad,2026-04-25,20.0,9.8,14.0,0.0,0.0,0.0,28.0,57.2,64,1017.3,28,24.05,19.7,2,40.01,48.47
sabirabad,2026-04-26,18.3,8.7,13.3,0.0,0.0,0.0,8.0,18.0,79,1014.6,78,13.26,18.3,3,40.01,48.47
sabirabad,2026-04-27,26.4,11.1,18.3,1.0,0.0,0.0,15.1,26.3,71,1003.6,37,24.36,28.8,80,40.01,48.47
sadarak,2026-04-21,15.7,9.7,11.8,14.1,0.4,0.0,9.7,22.3,82,1008.9,92,14.32,14.4,95,39.72,44.88
sadarak,2026-04-22,19.0,8.5,13.6,0.6,0.0,0.0,9.0,16.6,65,1012.1,56,26.02,18.7,80,39.72,44.88
sadarak,2026-04-23,20.9,10.4,15.9,0.1,0.0,0.0,16.1,34.9,47,1008.4,27,23.88,20.1,3,39.72,44.88
sadarak,2026-04-24,23.4,13.2,17.4,0.1,0.0,0.0,24.6,58.7,44,1007.8,95,22.13,20.5,3,39.72,44.88
sadarak,2026-04-25,23.0,11.3,17.3,0.1,0.1,0.0,8.1,16.2,53,1013.3,86,23.75,23.8,61,39.72,44.88
sadarak,2026-04-26,23.1,13.0,17.9,1.4,0.2,0.0,12.1,19.5,66,1011.6,97,18.87,22.6,61,39.72,44.88
sadarak,2026-04-27,22.7,12.7,17.2,18.4,3.9,0.0,15.6,36.7,70,1004.7,93,15.99,21.4,95,39.72,44.88
salyan,2026-04-21,14.1,10.6,12.6,1.2,1.1,0.0,18.1,33.8,73,1013.7,96,7.69,12.1,61,39.6,48.98
salyan,2026-04-22,22.5,8.0,14.7,0.0,0.0,0.0,17.6,32.8,71,1012.3,16,25.43,22.4,2,39.6,48.98
salyan,2026-04-23,22.5,11.5,15.4,0.0,0.0,0.0,22.7,43.2,80,1008.5,54,22.72,23.7,45,39.6,48.98
salyan,2026-04-24,20.1,10.6,14.6,0.0,0.0,0.0,13.3,29.9,75,1009.2,66,17.53,19.4,3,39.6,48.98
salyan,2026-04-25,19.0,10.6,14.0,0.0,0.0,0.0,21.2,40.7,64,1018.0,44,22.45,18.1,2,39.6,48.98
salyan,2026-04-26,19.8,9.6,14.1,0.0,0.0,0.0,13.1,25.2,79,1014.5,89,14.77,19.6,3,39.6,48.98
salyan,2026-04-27,26.6,10.7,17.6,0.4,0.0,0.0,16.6,37.4,73,1003.7,47,24.83,27.5,45,39.6,48.98
samukh,2026-04-21,13.1,9.2,11.1,13.6,13.6,0.0,12.5,23.4,87,1012.9,96,7.83,11.9,63,40.77,46.41
samukh,2026-04-22,19.9,8.3,13.9,0.0,0.0,0.0,8.0,14.8,73,1011.9,20,25.23,20.3,3,40.77,46.41
samukh,2026-04-23,22.1,9.7,15.9,0.0,0.0,0.0,26.3,46.8,75,1007.2,22,24.4,21.6,3,40.77,46.41
samukh,2026-04-24,17.3,11.8,13.7,0.0,0.0,0.0,33.2,63.4,62,1010.2,79,19.45,12.6,3,40.77,46.41
samukh,2026-04-25,20.7,9.3,14.4,0.0,0.0,0.0,26.8,53.6,58,1017.3,48,23.61,20.6,3,40.77,46.41
samukh,2026-04-26,17.9,9.2,13.3,0.3,0.3,0.0,20.7,45.4,79,1014.7,94,16.75,17.4,61,40.77,46.41
samukh,2026-04-27,20.9,10.1,15.1,1.5,0.0,0.0,22.7,49.3,69,1005.1,66,17.84,20.6,80,40.77,46.41
sari,2026-04-21,17.7,12.1,14.9,0.0,0.0,0.0,9.7,19.4,81,1012.5,94,7.12,17.4,3,36.56,53.06
sari,2026-04-22,17.3,10.9,13.9,0.3,0.3,0.0,6.7,13.7,88,1013.6,74,5.97,17.5,61,36.56,53.06
sari,2026-04-23,27.8,9.1,18.6,0.0,0.0,0.0,17.1,33.8,60,1008.1,0,26.58,26.9,0,36.56,53.06
sari,2026-04-24,30.1,12.5,21.1,0.0,0.0,0.0,15.2,31.3,44,1008.5,1,26.38,30.9,1,36.56,53.06
sari,2026-04-25,20.1,14.2,17.4,0.0,0.0,0.0,16.9,36.7,68,1017.5,79,14.39,18.5,3,36.56,53.06
sari,2026-04-26,20.0,13.6,16.4,0.0,0.0,0.0,10.3,20.2,84,1013.8,94,13.38,20.4,45,36.56,53.06
sari,2026-04-27,30.0,12.1,20.3,0.0,0.0,0.0,11.3,24.8,71,1003.6,52,25.51,32.1,45,36.56,53.06
shabran,2026-04-21,12.9,8.9,11.0,2.6,2.5,0.0,10.9,21.2,81,1014.2,97,7.66,11.7,61,41.22,48.99
shabran,2026-04-22,14.2,7.1,10.6,0.0,0.0,0.0,21.7,41.8,85,1011.3,50,23.43,11.8,45,41.22,48.99
shabran,2026-04-23,12.6,9.2,10.7,0.0,0.0,0.0,19.1,36.4,83,1009.7,84,6.84,9.6,3,41.22,48.99
shabran,2026-04-24,13.6,8.6,10.8,0.0,0.0,0.0,10.6,18.7,77,1009.8,97,12.45,11.7,3,41.22,48.99
shabran,2026-04-25,13.9,8.9,10.9,0.9,0.6,0.0,19.3,41.8,76,1018.8,82,13.67,12.1,61,41.22,48.99
shabran,2026-04-26,17.5,8.5,11.8,0.0,0.0,0.0,9.4,23.8,83,1010.8,98,14.75,16.7,45,41.22,48.99
shabran,2026-04-27,18.1,9.0,12.9,5.4,5.4,0.0,21.1,46.1,83,1004.2,59,23.68,18.0,63,41.22,48.99
shahbuz,2026-04-21,12.6,8.2,9.9,20.9,0.7,0.0,7.9,29.2,86,1009.0,97,12.21,10.9,95,39.4,45.57
shahbuz,2026-04-22,16.0,6.7,10.9,0.5,0.0,0.0,11.1,22.0,71,1012.7,49,24.44,15.4,80,39.4,45.57
shahbuz,2026-04-23,17.9,7.1,12.6,0.3,0.0,0.0,26.7,49.7,56,1010.2,51,22.77,14.1,80,39.4,45.57
shahbuz,2026-04-24,19.9,8.5,14.1,0.0,0.0,0.0,23.9,50.0,54,1009.7,63,22.44,16.1,3,39.4,45.57
shahbuz,2026-04-25,21.0,8.8,15.1,0.0,0.0,0.0,10.0,19.8,57,1014.4,56,25.74,20.5,3,39.4,45.57
shahbuz,2026-04-26,19.7,12.1,15.3,4.05,0.0,0.0,11.9,29.5,70,1012.5,94,17.94,18.6,80,39.4,45.57
shahbuz,2026-04-27,18.5,11.4,14.6,15.7,0.0,0.0,17.3,32.4,71,1005.0,90,16.4,17.4,95,39.4,45.57
shamakhi,2026-04-21,9.7,7.4,8.5,13.2,12.3,0.0,14.8,33.1,92,1013.3,99,5.65,8.7,80,40.63,48.64
shamakhi,2026-04-22,15.3,6.4,10.3,0.0,0.0,0.0,30.2,61.6,83,1011.6,62,22.46,11.6,45,40.63,48.64
shamakhi,2026-04-23,17.9,8.4,13.0,0.0,0.0,0.0,15.9,31.0,75,1008.5,37,25.17,17.3,3,40.63,48.64
shamakhi,2026-04-24,14.8,8.8,11.0,0.0,0.0,0.0,25.5,46.4,94,1008.8,73,12.45,11.8,45,40.63,48.64
shamakhi,2026-04-25,14.0,7.8,10.1,0.0,0.0,0.0,15.0,28.8,88,1017.3,75,12.47,11.1,45,40.63,48.64
shamakhi,2026-04-26,14.7,6.6,10.3,0.0,0.0,0.0,9.8,27.0,86,1014.4,89,16.85,13.9,45,40.63,48.64
shamakhi,2026-04-27,20.2,9.1,13.7,4.2,0.0,0.0,13.4,26.3,79,1003.6,58,25.15,20.8,80,40.63,48.64
shamkir,2026-04-21,10.8,8.6,9.8,7.3,7.1,0.0,12.6,26.3,87,1013.1,99,6.45,9.6,61,40.83,46.02
shamkir,2026-04-22,18.2,7.4,12.9,0.0,0.0,0.0,11.9,25.2,69,1012.1,23,24.71,17.5,3,40.83,46.02
shamkir,2026-04-23,21.3,10.7,15.8,0.0,0.0,0.0,19.3,40.7,68,1007.3,27,23.29,20.0,3,40.83,46.02
shamkir,2026-04-24,14.8,10.5,12.5,0.2,0.0,0.0,30.1,62.3,64,1010.9,81,20.55,13.8,3,40.83,46.02
shamkir,2026-04-25,18.8,9.5,13.6,0.6,0.3,0.0,15.8,39.6,60,1017.4,70,23.62,17.0,61,40.83,46.02
shamkir,2026-04-26,16.9,8.8,12.5,0.0,0.0,0.0,6.1,14.8,84,1014.7,89,16.46,16.3,3,40.83,46.02
shamkir,2026-04-27,17.9,7.9,12.9,2.6,1.9,0.0,28.8,52.9,71,1006.2,70,15.52,16.9,63,40.83,46.02
sharur,2026-04-21,15.7,9.9,12.0,14.7,0.1,0.0,9.2,22.7,82,1008.9,93,14.8,15.1,95,39.55,44.98
sharur,2026-04-22,19.1,7.7,13.3,0.1,0.0,0.0,6.4,11.2,67,1012.2,55,25.36,19.4,3,39.55,44.98
sharur,2026-04-23,21.8,9.0,15.2,0.0,0.0,0.0,21.1,42.5,52,1008.8,28,21.64,18.2,3,39.55,44.98
sharur,2026-04-24,23.2,11.2,17.1,0.0,0.0,0.0,26.9,54.0,46,1008.1,90,22.21,20.2,3,39.55,44.98
sharur,2026-04-25,23.4,9.7,17.0,0.0,0.0,0.0,6.8,13.3,58,1013.3,84,23.75,24.0,3,39.55,44.98
sharur,2026-04-26,22.9,13.2,17.4,1.65,0.0,0.0,10.1,23.0,69,1011.6,94,20.42,23.4,3,39.55,44.98
sharur,2026-04-27,22.2,11.2,16.1,10.0,0.6,0.0,12.4,35.3,69,1004.4,95,17.59,20.2,95,39.55,44.98
sheki,2026-04-21,10.3,7.3,8.7,38.4,37.3,0.0,9.9,25.6,97,1013.6,96,4.81,10.1,63,41.19,47.17
sheki,2026-04-22,17.6,6.9,12.1,0.0,0.0,0.0,22.5,48.6,66,1011.6,8,25.93,14.2,3,41.19,47.17
sheki,2026-04-23,20.4,11.4,15.6,0.0,0.0,0.0,13.8,28.8,61,1007.9,24,24.62,21.3,3,41.19,47.17
sheki,2026-04-24,16.0,11.2,13.4,0.4,0.0,0.0,21.4,49.3,76,1008.9,85,18.31,14.8,3,41.19,47.17
sheki,2026-04-25,17.5,9.9,13.5,1.5,1.5,0.0,20.3,63.0,65,1016.4,55,24.87,17.3,61,41.19,47.17
sheki,2026-04-26,17.6,7.9,12.3,0.3,0.0,0.0,6.3,20.5,84,1014.7,88,15.39,17.3,3,41.19,47.17
sheki,2026-04-27,22.8,11.0,15.8,5.4,2.3,0.0,24.2,46.8,73,1003.9,52,22.24,23.4,80,41.19,47.17
shirvan,2026-04-21,14.2,10.8,12.5,4.0,3.2,0.0,18.3,31.0,75,1013.4,97,7.24,12.7,80,39.93,48.92
shirvan,2026-04-22,21.4,8.4,14.5,0.0,0.0,0.0,20.0,33.5,72,1011.8,31,24.91,20.1,3,39.93,48.92
shirvan,2026-04-23,20.9,10.5,14.8,0.0,0.0,0.0,28.6,50.4,79,1008.6,41,23.71,21.4,45,39.93,48.92
shirvan,2026-04-24,18.0,10.6,14.0,0.0,0.0,0.0,15.1,24.5,81,1009.2,61,13.66,17.2,3,39.93,48.92
shirvan,2026-04-25,18.4,10.4,13.7,0.0,0.0,0.0,25.6,45.4,69,1017.7,47,22.43,16.6,3,39.93,48.92
shirvan,2026-04-26,18.1,9.1,13.4,0.0,0.0,0.0,9.7,16.6,78,1014.5,88,14.72,17.9,3,39.93,48.92
shirvan,2026-04-27,27.4,10.6,17.9,0.4,0.0,0.0,19.2,26.3,73,1003.5,44,24.38,29.6,80,39.93,48.92
shusha,2026-04-21,4.4,0.9,3.0,12.1,11.4,0.0,10.2,19.8,94,1013.7,100,6.72,1.9,61,39.76,46.75
shusha,2026-04-22,12.6,2.9,7.7,0.9,0.0,0.0,12.2,33.5,78,1012.3,49,22.86,11.3,45,39.76,46.75
shusha,2026-04-23,17.0,6.1,11.6,0.0,0.0,0.0,24.6,45.7,49,1007.9,11,25.67,13.2,3,39.76,46.75
shusha,2026-04-24,16.5,7.0,11.4,0.2,0.0,0.0,13.1,38.9,58,1008.3,64,24.02,15.1,3,39.76,46.75
shusha,2026-04-25,13.1,4.7,8.7,0.0,0.0,0.0,12.5,27.4,72,1017.0,48,24.57,12.0,3,39.76,46.75
shusha,2026-04-26,15.2,5.9,10.3,0.0,0.0,0.0,7.6,38.3,76,1013.5,97,20.93,14.9,3,39.76,46.75
shusha,2026-04-27,15.8,7.9,10.9,16.4,1.5,0.0,8.7,46.8,71,1004.4,88,18.13,15.2,95,39.76,46.75
siyazan,2026-04-21,12.2,9.3,11.1,5.2,4.9,0.0,8.5,16.9,81,1014.3,98,7.58,11.4,61,41.08,49.11
siyazan,2026-04-22,13.9,7.1,10.9,0.0,0.0,0.0,16.6,32.0,87,1011.3,45,22.3,12.5,3,41.08,49.11
siyazan,2026-04-23,12.6,9.5,10.9,0.0,0.0,0.0,14.5,24.1,84,1009.7,78,7.62,10.4,3,41.08,49.11
siyazan,2026-04-24,12.3,8.8,10.5,0.0,0.0,0.0,11.2,18.7,80,1009.8,98,11.44,10.6,3,41.08,49.11
siyazan,2026-04-25,12.4,9.6,10.7,0.6,0.3,0.0,26.0,53.6,77,1018.8,90,11.58,10.5,3,41.08,49.11
siyazan,2026-04-26,17.4,8.8,12.2,0.0,0.0,0.0,8.8,17.3,80,1010.8,98,15.53,17.3,3,41.08,49.11
siyazan,2026-04-27,17.8,9.6,13.0,2.0,1.5,0.0,24.5,65.5,83,1004.0,55,23.54,16.7,61,41.08,49.11
sumqayit,2026-04-21,11.5,9.9,10.9,3.6,3.2,0.0,27.7,46.1,85,1014.0,97,7.41,9.2,61,40.58,49.66
sumqayit,2026-04-22,17.4,9.2,12.9,0.0,0.0,0.0,26.1,43.9,79,1011.3,46,21.92,15.9,3,40.58,49.66
sumqayit,2026-04-23,13.5,10.1,12.0,0.0,0.0,0.0,24.9,41.8,81,1009.7,64,13.69,11.5,45,40.58,49.66
sumqayit,2026-04-24,13.9,9.3,11.4,0.0,0.0,0.0,26.1,43.9,82,1009.6,84,17.28,13.3,45,40.58,49.66
sumqayit,2026-04-25,12.7,10.3,11.4,0.0,0.0,0.0,43.1,74.9,77,1018.6,64,19.05,9.4,3,40.58,49.66
sumqayit,2026-04-26,18.0,10.0,14.1,0.0,0.0,0.0,33.9,58.7,75,1013.0,93,17.84,14.1,3,40.58,49.66
sumqayit,2026-04-27,27.6,11.2,17.0,0.1,0.0,0.0,46.5,85.3,74,1003.0,55,23.79,26.4,3,40.58,49.66
tartar,2026-04-21,12.3,9.2,10.6,8.0,7.1,0.0,20.4,39.6,85,1013.5,97,9.18,10.3,61,40.34,46.93
tartar,2026-04-22,19.3,6.8,13.5,0.0,0.0,0.0,8.8,18.0,76,1012.2,16,25.25,20.2,45,40.34,46.93
tartar,2026-04-23,21.1,9.9,15.6,0.0,0.0,0.0,17.8,34.2,78,1007.8,46,23.79,21.9,3,40.34,46.93
tartar,2026-04-24,19.2,11.3,14.4,0.0,0.0,0.0,30.0,61.2,66,1009.3,79,21.51,16.3,3,40.34,46.93
tartar,2026-04-25,20.3,10.6,15.5,0.0,0.0,0.0,27.4,52.2,49,1016.8,58,22.09,19.0,3,40.34,46.93
tartar,2026-04-26,16.6,9.3,12.8,0.0,0.0,0.0,10.7,23.0,85,1014.8,95,16.2,16.8,3,40.34,46.93
tartar,2026-04-27,21.3,11.5,15.9,3.4,0.8,0.0,17.9,36.0,71,1004.1,67,20.87,23.6,80,40.34,46.93
tbilisi,2026-04-21,10.8,7.9,9.2,2.4,2.4,0.0,9.4,28.4,78,1013.3,95,8.34,9.9,61,41.71,44.78
tbilisi,2026-04-22,18.9,5.4,12.1,0.1,0.0,0.0,14.8,36.7,66,1012.4,42,23.83,17.1,3,41.71,44.78
tbilisi,2026-04-23,17.4,8.2,11.8,1.8,0.0,0.0,15.1,40.0,67,1009.0,54,20.77,16.8,80,41.71,44.78
tbilisi,2026-04-24,12.4,6.6,9.2,4.8,4.4,0.0,17.4,41.8,64,1012.5,97,8.99,8.4,61,41.71,44.78
tbilisi,2026-04-25,18.9,7.2,13.0,0.3,0.0,0.0,13.7,36.4,54,1017.4,46,26.18,17.1,3,41.71,44.78
tbilisi,2026-04-26,17.0,9.8,12.9,0.0,0.0,0.0,9.2,33.1,76,1014.7,82,18.41,16.4,3,41.71,44.78
tbilisi,2026-04-27,15.2,5.0,9.7,0.0,0.0,0.0,28.7,124.2,73,1008.5,64,14.88,13.2,3,41.71,44.78
tovuz,2026-04-21,12.2,9.1,10.2,13.8,13.8,0.0,10.5,27.0,83,1013.0,98,9.87,10.6,61,40.99,45.63
tovuz,2026-04-22,18.7,6.4,12.6,0.0,0.0,0.0,11.8,25.2,71,1012.2,22,25.33,17.9,2,40.99,45.63
tovuz,2026-04-23,21.6,9.4,15.1,0.3,0.0,0.0,19.1,38.9,67,1007.4,25,24.67,20.2,3,40.99,45.63
tovuz,2026-04-24,13.3,9.9,11.5,1.1,0.4,0.0,25.8,50.8,64,1011.6,85,18.65,10.3,61,40.99,45.63
tovuz,2026-04-25,19.0,8.6,13.2,4.0,4.0,0.0,11.5,27.4,64,1017.6,59,25.0,17.7,61,40.99,45.63
tovuz,2026-04-26,18.2,8.8,13.1,0.0,0.0,0.0,10.3,23.8,80,1014.7,84,17.48,17.8,51,40.99,45.63
tovuz,2026-04-27,18.1,8.7,13.4,3.8,3.2,0.0,30.0,55.8,74,1006.4,80,14.57,17.4,80,40.99,45.63
turkmenbashi,2026-04-21,17.1,10.9,13.7,3.9,3.6,0.0,20.3,35.6,84,1010.8,89,9.33,16.5,61,40.05,52.99
turkmenbashi,2026-04-22,15.7,10.2,12.8,0.0,0.0,0.0,18.7,30.2,76,1012.9,48,24.13,13.8,3,40.05,52.99
turkmenbashi,2026-04-23,23.5,11.6,16.8,0.0,0.0,0.0,22.9,37.8,62,1010.5,17,25.52,21.4,3,40.05,52.99
turkmenbashi,2026-04-24,21.8,14.2,17.9,0.0,0.0,0.0,15.6,25.2,62,1008.2,3,25.37,21.9,1,40.05,52.99
turkmenbashi,2026-04-25,18.4,11.4,14.4,0.0,0.0,0.0,26.9,45.4,76,1016.0,38,19.44,15.7,3,40.05,52.99
turkmenbashi,2026-04-26,23.8,12.7,17.0,0.0,0.0,0.0,17.2,24.8,68,1015.2,73,22.16,24.6,3,40.05,52.99
turkmenbashi,2026-04-27,23.4,13.4,18.4,0.0,0.0,0.0,19.3,47.5,65,1004.8,55,24.75,24.6,3,40.05,52.99
ujar,2026-04-21,13.3,10.4,11.9,22.2,19.6,0.0,12.2,23.4,90,1013.5,99,5.1,12.6,80,40.52,47.65
ujar,2026-04-22,21.4,8.8,14.6,0.0,0.0,0.0,17.2,32.8,73,1011.6,24,25.05,19.2,2,40.52,47.65
ujar,2026-04-23,23.3,9.9,16.0,0.0,0.0,0.0,21.4,38.9,74,1007.8,32,24.45,23.8,3,40.52,47.65
ujar,2026-04-24,21.4,12.1,15.4,0.0,0.0,0.0,31.7,60.5,70,1009.0,68,16.13,19.0,3,40.52,47.65
ujar,2026-04-25,19.5,11.3,14.7,0.0,0.0,0.0,29.2,57.6,59,1017.0,50,20.56,18.6,3,40.52,47.65
ujar,2026-04-26,19.8,9.1,14.2,0.0,0.0,0.0,9.8,24.1,74,1014.5,82,18.52,20.1,3,40.52,47.65
ujar,2026-04-27,25.1,11.3,17.0,2.3,0.0,0.0,32.1,71.6,70,1003.7,53,23.21,26.4,80,40.52,47.65
van,2026-04-21,10.4,3.1,6.9,3.1,0.0,0.0,21.1,37.4,75,1010.2,68,23.22,8.8,80,38.5,43.38
van,2026-04-22,11.8,4.2,8.1,1.5,0.0,0.0,17.4,31.7,66,1013.5,59,25.0,9.2,80,38.5,43.38
van,2026-04-23,12.9,4.0,8.9,0.0,0.0,0.0,20.2,39.2,59,1011.8,33,24.96,10.5,3,38.5,43.38
van,2026-04-24,16.1,7.2,11.1,0.0,0.0,0.0,31.6,58.3,49,1010.9,33,25.75,11.5,3,38.5,43.38
van,2026-04-25,16.5,3.8,10.6,2.7,2.4,0.0,10.8,20.5,65,1015.6,81,24.0,15.7,61,38.5,43.38
van,2026-04-26,13.8,7.8,11.1,1.5,0.3,0.0,13.3,34.3,71,1013.2,100,19.62,11.7,80,38.5,43.38
van,2026-04-27,13.3,7.0,9.7,13.2,2.1,0.0,17.4,38.5,77,1006.2,100,19.3,11.9,95,38.5,43.38
yardimli,2026-04-21,8.1,5.5,6.9,0.2,0.2,0.0,11.6,22.0,94,1013.8,100,5.08,6.0,45,38.91,48.24
yardimli,2026-04-22,15.9,6.3,11.1,0.1,0.0,0.0,12.7,38.2,80,1012.5,46,23.4,15.1,45,38.91,48.24
yardimli,2026-04-23,23.1,8.8,15.2,0.0,0.0,0.0,14.7,36.0,60,1008.3,17,25.95,21.6,3,38.91,48.24
yardimli,2026-04-24,24.8,11.9,17.5,0.0,0.0,0.0,36.1,72.7,52,1007.8,38,26.59,21.3,45,38.91,48.24
yardimli,2026-04-25,16.1,6.8,10.6,0.0,0.0,0.0,15.2,33.5,74,1018.0,80,23.78,14.7,45,38.91,48.24
yardimli,2026-04-26,19.1,8.2,13.2,0.3,0.0,0.0,7.8,50.0,78,1013.8,93,17.94,18.2,45,38.91,48.24
yardimli,2026-04-27,20.9,9.8,16.8,1.3,0.0,0.0,14.1,61.6,49,1004.4,72,21.48,18.5,80,38.91,48.24
yerevan,2026-04-21,14.5,9.0,10.6,10.8,2.1,0.0,8.6,27.7,84,1009.1,96,13.85,13.9,80,40.17,44.51
yerevan,2026-04-22,17.5,7.1,12.0,0.0,0.0,0.0,9.0,16.6,64,1012.4,51,25.96,16.4,3,40.17,44.51
yerevan,2026-04-23,18.4,8.1,13.7,0.5,0.0,0.0,23.8,45.0,53,1009.0,59,19.93,16.1,3,40.17,44.51
yerevan,2026-04-24,20.6,10.1,15.1,1.1,0.0,0.0,25.1,58.0,52,1008.1,78,21.44,17.2,80,40.17,44.51
yerevan,2026-04-25,21.1,10.4,15.4,0.8,0.1,0.0,12.1,24.5,58,1013.9,84,23.42,20.6,80,40.17,44.51
yerevan,2026-04-26,19.1,11.2,15.1,2.8,0.8,0.0,16.1,37.1,74,1012.5,57,18.7,19.5,80,40.17,44.51
yerevan,2026-04-27,19.1,11.5,14.5,14.4,0.0,0.0,13.5,32.0,76,1005.3,94,14.37,19.6,80,40.17,44.51
yevlakh,2026-04-21,13.3,10.7,12.0,11.6,10.7,0.0,14.0,25.6,89,1013.3,98,6.32,12.7,61,40.62,47.15
yevlakh,2026-04-22,21.4,9.3,15.1,0.0,0.0,0.0,12.6,23.0,71,1011.6,14,25.18,20.2,3,40.62,47.15
yevlakh,2026-04-23,23.1,10.2,16.7,0.0,0.0,0.0,21.5,38.2,74,1007.6,31,23.42,23.9,45,40.62,47.15
yevlakh,2026-04-24,20.7,12.5,15.4,0.0,0.0,0.0,31.1,58.0,67,1009.4,69,18.6,17.7,3,40.62,47.15
yevlakh,2026-04-25,20.9,12.0,15.7,0.0,0.0,0.0,27.2,51.1,54,1016.8,39,20.66,21.1,3,40.62,47.15
yevlakh,2026-04-26,19.6,9.4,14.4,0.0,0.0,0.0,12.9,27.0,75,1014.7,90,17.76,19.6,3,40.62,47.15
yevlakh,2026-04-27,24.3,11.3,16.7,1.3,0.1,0.0,36.1,79.9,70,1003.9,66,21.27,24.9,80,40.62,47.15
zagatala,2026-04-21,10.3,7.8,9.1,21.0,20.9,0.0,10.4,23.0,90,1013.4,97,5.87,9.6,63,41.63,46.64
zagatala,2026-04-22,17.8,6.4,11.7,0.0,0.0,0.0,8.9,17.3,70,1012.1,19,25.05,17.0,2,41.63,46.64
zagatala,2026-04-23,21.8,8.8,14.7,1.7,0.1,0.0,10.4,23.4,61,1007.8,45,23.47,22.0,80,41.63,46.64
zagatala,2026-04-24,13.4,10.5,11.8,14.2,0.8,0.0,10.2,22.0,91,1010.2,99,7.1,12.5,95,41.63,46.64
zagatala,2026-04-25,18.7,9.4,13.4,0.2,0.0,0.0,8.7,17.3,68,1017.0,50,25.35,18.6,61,41.63,46.64
zagatala,2026-04-26,20.7,7.8,13.8,0.0,0.0,0.0,5.7,14.8,74,1014.6,88,21.24,20.9,3,41.63,46.64
zagatala,2026-04-27,24.0,11.7,16.7,2.1,1.3,0.0,16.3,35.6,74,1004.2,54,21.68,25.9,80,41.63,46.64
zangilan,2026-04-21,11.7,8.1,9.9,6.0,4.4,0.0,9.5,19.4,89,1013.0,100,5.89,10.4,80,39.08,46.65
zangilan,2026-04-22,21.5,8.8,14.0,0.0,0.0,0.0,15.8,31.0,76,1012.2,56,24.45,21.3,45,39.08,46.65
zangilan,2026-04-23,25.2,10.4,17.4,0.0,0.0,0.0,20.0,40.0,58,1007.9,41,25.23,22.8,3,39.08,46.65
zangilan,2026-04-24,21.7,11.7,15.5,0.0,0.0,0.0,17.6,46.4,73,1008.8,47,23.05,21.7,3,39.08,46.65
zangilan,2026-04-25,19.8,10.4,14.9,0.0,0.0,0.0,11.7,24.5,61,1016.9,63,24.26,18.9,3,39.08,46.65
zangilan,2026-04-26,18.3,9.5,13.4,0.3,0.3,0.0,8.0,26.6,79,1014.3,99,17.1,18.4,45,39.08,46.65
zangilan,2026-04-27,22.6,11.6,17.1,5.8,0.0,0.0,12.3,48.6,65,1003.9,96,17.51,21.2,80,39.08,46.65
zardab,2026-04-21,13.9,10.6,12.0,15.1,12.5,0.0,12.7,24.1,90,1013.5,97,5.25,13.2,61,40.22,47.71
zardab,2026-04-22,21.7,8.6,14.9,0.0,0.0,0.0,14.5,27.0,75,1011.7,18,25.36,20.9,2,40.22,47.71
zardab,2026-04-23,23.9,9.9,16.0,0.0,0.0,0.0,23.2,41.8,77,1007.8,27,24.19,24.1,3,40.22,47.71
zardab,2026-04-24,21.1,12.4,15.3,0.0,0.0,0.0,27.9,50.8,71,1009.1,65,14.83,19.1,3,40.22,47.71
zardab,2026-04-25,20.5,11.4,15.3,0.0,0.0,0.0,31.7,59.0,56,1016.9,29,23.01,20.9,3,40.22,47.71
zardab,2026-04-26,19.7,9.9,14.3,0.0,0.0,0.0,10.5,22.0,76,1014.6,93,17.28,20.1,3,40.22,47.71
zardab,2026-04-27,25.8,11.1,17.3,3.1,0.0,0.0,26.8,63.4,70,1003.7,45,23.66,27.5,80,40.22,47.71
